section,key,value
general,total_batches,500
general,completed_batches,154
general,rejected_batches,346
general,simulation_time,2074.0
general,output_units,616
general,rejected_units,1384
general,completion_rate,0.308
general,rejection_rate,0.692
general,average_cycle_time,27.562
general,average_wait_time,1.962
general,throughput,0.2970106075216972
general,total_breakdowns,1214
general,total_repair_time,1214.0
general,total_busy_time,3870.0
general,total_idle_time,1138.0
stage:cutting,stage_id,cutting
stage:cutting,processed_batches,500
stage:cutting,output_units,2000
stage:cutting,average_wait_time,0.728
stage:cutting,average_processing_time,2.0
stage:cutting,average_queue_length,0.42430086788813887
stage:cutting,max_queue_length,4.0
stage:cutting,average_buffer_length,0.0
stage:cutting,max_buffer_length,0.0
stage:cutting,utilization,0.4821600771456123
stage:cutting,rejected_batches,1
stage:cutting,breakdowns,516
stage:cutting,downtime_time,516.0
stage:cutting,completion_rate,0.308
stage:assembly,stage_id,assembly
stage:assembly,processed_batches,499
stage:assembly,output_units,1996
stage:assembly,average_wait_time,1.1402805611222444
stage:assembly,average_processing_time,2.0
stage:assembly,average_queue_length,0.5159112825458052
stage:assembly,max_queue_length,5.0
stage:assembly,average_buffer_length,0.0
stage:assembly,max_buffer_length,0.0
stage:assembly,utilization,0.4811957569913211
stage:assembly,rejected_batches,7
stage:assembly,breakdowns,501
stage:assembly,downtime_time,501.0
stage:assembly,completion_rate,0.30861723446893785
stage:quality,stage_id,quality
stage:quality,processed_batches,492
stage:quality,output_units,1968
stage:quality,average_wait_time,0.0975609756097561
stage:quality,average_processing_time,3.8048780487804876
stage:quality,average_queue_length,2.063162970106075
stage:quality,max_queue_length,3.0
stage:quality,average_buffer_length,1.7753134040501446
stage:quality,max_buffer_length,2.0
stage:quality,utilization,0.9026036644165863
stage:quality,rejected_batches,338
stage:quality,breakdowns,197
stage:quality,downtime_time,197.0
stage:quality,completion_rate,0.3130081300813008
machine:cut-1,machine_id,cut-1
machine:cut-1,stage_id,cutting
machine:cut-1,busy_time,1000.0
machine:cut-1,idle_time,558.0
machine:cut-1,downtime_time,516.0
machine:cut-1,breakdowns,516
machine:cut-1,repair_count,516
machine:cut-1,average_repair_time,1.0
machine:cut-1,utilization,0.4821600771456123
machine:asm-1,machine_id,asm-1
machine:asm-1,stage_id,assembly
machine:asm-1,busy_time,998.0
machine:asm-1,idle_time,575.0
machine:asm-1,downtime_time,501.0
machine:asm-1,breakdowns,501
machine:asm-1,repair_count,501
machine:asm-1,average_repair_time,1.0
machine:asm-1,utilization,0.4811957569913211
machine:qc-1,machine_id,qc-1
machine:qc-1,stage_id,quality
machine:qc-1,busy_time,1872.0
machine:qc-1,idle_time,5.0
machine:qc-1,downtime_time,197.0
machine:qc-1,breakdowns,197
machine:qc-1,repair_count,197
machine:qc-1,average_repair_time,1.0
machine:qc-1,utilization,0.9026036644165863
batch:batch-1,batch_id,batch-1
batch:batch-1,cycle_time,17.0
batch:batch-1,queue_wait_time,0.0
batch:batch-1,processing_time,16.0
batch:batch-1,stages_count,3
batch:batch-1,completed,True
batch:batch-1,rejected,False
batch:batch-1,waited_in_queue,False
batch:batch-1,status,completed
batch:batch-2,batch_id,batch-2
batch:batch-2,cycle_time,26.0
batch:batch-2,queue_wait_time,8.0
batch:batch-2,processing_time,16.0
batch:batch-2,stages_count,3
batch:batch-2,completed,True
batch:batch-2,rejected,False
batch:batch-2,waited_in_queue,True
batch:batch-2,status,completed
batch:batch-3,batch_id,batch-3
batch:batch-3,cycle_time,34.0
batch:batch-3,queue_wait_time,18.0
batch:batch-3,processing_time,16.0
batch:batch-3,stages_count,3
batch:batch-3,completed,True
batch:batch-3,rejected,False
batch:batch-3,waited_in_queue,True
batch:batch-3,status,completed
batch:batch-4,batch_id,batch-4
batch:batch-4,cycle_time,42.0
batch:batch-4,queue_wait_time,22.0
batch:batch-4,processing_time,16.0
batch:batch-4,stages_count,3
batch:batch-4,completed,True
batch:batch-4,rejected,False
batch:batch-4,waited_in_queue,True
batch:batch-4,status,completed
batch:batch-5,batch_id,batch-5
batch:batch-5,cycle_time,51.0
batch:batch-5,queue_wait_time,2.0
batch:batch-5,processing_time,16.0
batch:batch-5,stages_count,3
batch:batch-5,completed,True
batch:batch-5,rejected,False
batch:batch-5,waited_in_queue,True
batch:batch-5,status,completed
batch:batch-6,batch_id,batch-6
batch:batch-6,cycle_time,60.0
batch:batch-6,queue_wait_time,0.0
batch:batch-6,processing_time,16.0
batch:batch-6,stages_count,3
batch:batch-6,completed,True
batch:batch-6,rejected,False
batch:batch-6,waited_in_queue,True
batch:batch-6,status,completed
batch:batch-7,batch_id,batch-7
batch:batch-7,cycle_time,68.0
batch:batch-7,queue_wait_time,1.0
batch:batch-7,processing_time,16.0
batch:batch-7,stages_count,3
batch:batch-7,completed,True
batch:batch-7,rejected,False
batch:batch-7,waited_in_queue,True
batch:batch-7,status,completed
batch:batch-8,batch_id,batch-8
batch:batch-8,cycle_time,7.0
batch:batch-8,queue_wait_time,1.0
batch:batch-8,processing_time,4.0
batch:batch-8,stages_count,3
batch:batch-8,completed,False
batch:batch-8,rejected,True
batch:batch-8,waited_in_queue,True
batch:batch-8,status,rejected
batch:batch-9,batch_id,batch-9
batch:batch-9,cycle_time,6.0
batch:batch-9,queue_wait_time,1.0
batch:batch-9,processing_time,4.0
batch:batch-9,stages_count,3
batch:batch-9,completed,False
batch:batch-9,rejected,True
batch:batch-9,waited_in_queue,True
batch:batch-9,status,rejected
batch:batch-10,batch_id,batch-10
batch:batch-10,cycle_time,4.0
batch:batch-10,queue_wait_time,0.0
batch:batch-10,processing_time,4.0
batch:batch-10,stages_count,3
batch:batch-10,completed,False
batch:batch-10,rejected,True
batch:batch-10,waited_in_queue,False
batch:batch-10,status,rejected
batch:batch-11,batch_id,batch-11
batch:batch-11,cycle_time,70.0
batch:batch-11,queue_wait_time,0.0
batch:batch-11,processing_time,16.0
batch:batch-11,stages_count,3
batch:batch-11,completed,True
batch:batch-11,rejected,False
batch:batch-11,waited_in_queue,True
batch:batch-11,status,completed
batch:batch-12,batch_id,batch-12
batch:batch-12,cycle_time,4.0
batch:batch-12,queue_wait_time,0.0
batch:batch-12,processing_time,4.0
batch:batch-12,stages_count,3
batch:batch-12,completed,False
batch:batch-12,rejected,True
batch:batch-12,waited_in_queue,False
batch:batch-12,status,rejected
batch:batch-13,batch_id,batch-13
batch:batch-13,cycle_time,74.0
batch:batch-13,queue_wait_time,0.0
batch:batch-13,processing_time,16.0
batch:batch-13,stages_count,3
batch:batch-13,completed,True
batch:batch-13,rejected,False
batch:batch-13,waited_in_queue,True
batch:batch-13,status,completed
batch:batch-14,batch_id,batch-14
batch:batch-14,cycle_time,14.0
batch:batch-14,queue_wait_time,0.0
batch:batch-14,processing_time,4.0
batch:batch-14,stages_count,3
batch:batch-14,completed,False
batch:batch-14,rejected,True
batch:batch-14,waited_in_queue,False
batch:batch-14,status,rejected
batch:batch-15,batch_id,batch-15
batch:batch-15,cycle_time,78.0
batch:batch-15,queue_wait_time,8.0
batch:batch-15,processing_time,16.0
batch:batch-15,stages_count,3
batch:batch-15,completed,True
batch:batch-15,rejected,False
batch:batch-15,waited_in_queue,True
batch:batch-15,status,completed
batch:batch-16,batch_id,batch-16
batch:batch-16,cycle_time,13.0
batch:batch-16,queue_wait_time,8.0
batch:batch-16,processing_time,4.0
batch:batch-16,stages_count,3
batch:batch-16,completed,False
batch:batch-16,rejected,True
batch:batch-16,waited_in_queue,True
batch:batch-16,status,rejected
batch:batch-17,batch_id,batch-17
batch:batch-17,cycle_time,13.0
batch:batch-17,queue_wait_time,6.0
batch:batch-17,processing_time,4.0
batch:batch-17,stages_count,3
batch:batch-17,completed,False
batch:batch-17,rejected,True
batch:batch-17,waited_in_queue,True
batch:batch-17,status,rejected
batch:batch-18,batch_id,batch-18
batch:batch-18,cycle_time,11.0
batch:batch-18,queue_wait_time,7.0
batch:batch-18,processing_time,4.0
batch:batch-18,stages_count,3
batch:batch-18,completed,False
batch:batch-18,rejected,True
batch:batch-18,waited_in_queue,True
batch:batch-18,status,rejected
batch:batch-19,batch_id,batch-19
batch:batch-19,cycle_time,74.0
batch:batch-19,queue_wait_time,4.0
batch:batch-19,processing_time,16.0
batch:batch-19,stages_count,3
batch:batch-19,completed,True
batch:batch-19,rejected,False
batch:batch-19,waited_in_queue,True
batch:batch-19,status,completed
batch:batch-20,batch_id,batch-20
batch:batch-20,cycle_time,12.0
batch:batch-20,queue_wait_time,4.0
batch:batch-20,processing_time,4.0
batch:batch-20,stages_count,3
batch:batch-20,completed,False
batch:batch-20,rejected,True
batch:batch-20,waited_in_queue,True
batch:batch-20,status,rejected
batch:batch-21,batch_id,batch-21
batch:batch-21,cycle_time,11.0
batch:batch-21,queue_wait_time,5.0
batch:batch-21,processing_time,4.0
batch:batch-21,stages_count,3
batch:batch-21,completed,False
batch:batch-21,rejected,True
batch:batch-21,waited_in_queue,True
batch:batch-21,status,rejected
batch:batch-22,batch_id,batch-22
batch:batch-22,cycle_time,77.0
batch:batch-22,queue_wait_time,5.0
batch:batch-22,processing_time,16.0
batch:batch-22,stages_count,3
batch:batch-22,completed,True
batch:batch-22,rejected,False
batch:batch-22,waited_in_queue,True
batch:batch-22,status,completed
batch:batch-23,batch_id,batch-23
batch:batch-23,cycle_time,11.0
batch:batch-23,queue_wait_time,4.0
batch:batch-23,processing_time,4.0
batch:batch-23,stages_count,3
batch:batch-23,completed,False
batch:batch-23,rejected,True
batch:batch-23,waited_in_queue,True
batch:batch-23,status,rejected
batch:batch-24,batch_id,batch-24
batch:batch-24,cycle_time,9.0
batch:batch-24,queue_wait_time,5.0
batch:batch-24,processing_time,4.0
batch:batch-24,stages_count,3
batch:batch-24,completed,False
batch:batch-24,rejected,True
batch:batch-24,waited_in_queue,True
batch:batch-24,status,rejected
batch:batch-25,batch_id,batch-25
batch:batch-25,cycle_time,77.0
batch:batch-25,queue_wait_time,3.0
batch:batch-25,processing_time,16.0
batch:batch-25,stages_count,3
batch:batch-25,completed,True
batch:batch-25,rejected,False
batch:batch-25,waited_in_queue,True
batch:batch-25,status,completed
batch:batch-26,batch_id,batch-26
batch:batch-26,cycle_time,15.0
batch:batch-26,queue_wait_time,10.0
batch:batch-26,processing_time,4.0
batch:batch-26,stages_count,3
batch:batch-26,completed,False
batch:batch-26,rejected,True
batch:batch-26,waited_in_queue,True
batch:batch-26,status,rejected
batch:batch-27,batch_id,batch-27
batch:batch-27,cycle_time,17.0
batch:batch-27,queue_wait_time,8.0
batch:batch-27,processing_time,4.0
batch:batch-27,stages_count,3
batch:batch-27,completed,False
batch:batch-27,rejected,True
batch:batch-27,waited_in_queue,True
batch:batch-27,status,rejected
batch:batch-28,batch_id,batch-28
batch:batch-28,cycle_time,77.0
batch:batch-28,queue_wait_time,11.0
batch:batch-28,processing_time,16.0
batch:batch-28,stages_count,3
batch:batch-28,completed,True
batch:batch-28,rejected,False
batch:batch-28,waited_in_queue,True
batch:batch-28,status,completed
batch:batch-29,batch_id,batch-29
batch:batch-29,cycle_time,14.0
batch:batch-29,queue_wait_time,10.0
batch:batch-29,processing_time,4.0
batch:batch-29,stages_count,3
batch:batch-29,completed,False
batch:batch-29,rejected,True
batch:batch-29,waited_in_queue,True
batch:batch-29,status,rejected
batch:batch-30,batch_id,batch-30
batch:batch-30,cycle_time,12.0
batch:batch-30,queue_wait_time,8.0
batch:batch-30,processing_time,4.0
batch:batch-30,stages_count,3
batch:batch-30,completed,False
batch:batch-30,rejected,True
batch:batch-30,waited_in_queue,True
batch:batch-30,status,rejected
batch:batch-31,batch_id,batch-31
batch:batch-31,cycle_time,10.0
batch:batch-31,queue_wait_time,6.0
batch:batch-31,processing_time,4.0
batch:batch-31,stages_count,3
batch:batch-31,completed,False
batch:batch-31,rejected,True
batch:batch-31,waited_in_queue,True
batch:batch-31,status,rejected
batch:batch-32,batch_id,batch-32
batch:batch-32,cycle_time,8.0
batch:batch-32,queue_wait_time,4.0
batch:batch-32,processing_time,4.0
batch:batch-32,stages_count,3
batch:batch-32,completed,False
batch:batch-32,rejected,True
batch:batch-32,waited_in_queue,True
batch:batch-32,status,rejected
batch:batch-33,batch_id,batch-33
batch:batch-33,cycle_time,71.0
batch:batch-33,queue_wait_time,0.0
batch:batch-33,processing_time,16.0
batch:batch-33,stages_count,3
batch:batch-33,completed,True
batch:batch-33,rejected,False
batch:batch-33,waited_in_queue,True
batch:batch-33,status,completed
batch:batch-34,batch_id,batch-34
batch:batch-34,cycle_time,10.0
batch:batch-34,queue_wait_time,2.0
batch:batch-34,processing_time,4.0
batch:batch-34,stages_count,3
batch:batch-34,completed,False
batch:batch-34,rejected,True
batch:batch-34,waited_in_queue,True
batch:batch-34,status,rejected
batch:batch-35,batch_id,batch-35
batch:batch-35,cycle_time,9.0
batch:batch-35,queue_wait_time,4.0
batch:batch-35,processing_time,4.0
batch:batch-35,stages_count,3
batch:batch-35,completed,False
batch:batch-35,rejected,True
batch:batch-35,waited_in_queue,True
batch:batch-35,status,rejected
batch:batch-36,batch_id,batch-36
batch:batch-36,cycle_time,73.0
batch:batch-36,queue_wait_time,3.0
batch:batch-36,processing_time,16.0
batch:batch-36,stages_count,3
batch:batch-36,completed,True
batch:batch-36,rejected,False
batch:batch-36,waited_in_queue,True
batch:batch-36,status,completed
batch:batch-37,batch_id,batch-37
batch:batch-37,cycle_time,7.0
batch:batch-37,queue_wait_time,2.0
batch:batch-37,processing_time,4.0
batch:batch-37,stages_count,3
batch:batch-37,completed,False
batch:batch-37,rejected,True
batch:batch-37,waited_in_queue,True
batch:batch-37,status,rejected
batch:batch-38,batch_id,batch-38
batch:batch-38,cycle_time,6.0
batch:batch-38,queue_wait_time,0.0
batch:batch-38,processing_time,4.0
batch:batch-38,stages_count,3
batch:batch-38,completed,False
batch:batch-38,rejected,True
batch:batch-38,waited_in_queue,False
batch:batch-38,status,rejected
batch:batch-39,batch_id,batch-39
batch:batch-39,cycle_time,5.0
batch:batch-39,queue_wait_time,0.0
batch:batch-39,processing_time,4.0
batch:batch-39,stages_count,3
batch:batch-39,completed,False
batch:batch-39,rejected,True
batch:batch-39,waited_in_queue,False
batch:batch-39,status,rejected
batch:batch-40,batch_id,batch-40
batch:batch-40,cycle_time,70.0
batch:batch-40,queue_wait_time,0.0
batch:batch-40,processing_time,16.0
batch:batch-40,stages_count,3
batch:batch-40,completed,True
batch:batch-40,rejected,False
batch:batch-40,waited_in_queue,True
batch:batch-40,status,completed
batch:batch-41,batch_id,batch-41
batch:batch-41,cycle_time,5.0
batch:batch-41,queue_wait_time,0.0
batch:batch-41,processing_time,4.0
batch:batch-41,stages_count,3
batch:batch-41,completed,False
batch:batch-41,rejected,True
batch:batch-41,waited_in_queue,False
batch:batch-41,status,rejected
batch:batch-42,batch_id,batch-42
batch:batch-42,cycle_time,8.0
batch:batch-42,queue_wait_time,0.0
batch:batch-42,processing_time,4.0
batch:batch-42,stages_count,3
batch:batch-42,completed,False
batch:batch-42,rejected,True
batch:batch-42,waited_in_queue,False
batch:batch-42,status,rejected
batch:batch-43,batch_id,batch-43
batch:batch-43,cycle_time,70.0
batch:batch-43,queue_wait_time,0.0
batch:batch-43,processing_time,16.0
batch:batch-43,stages_count,3
batch:batch-43,completed,True
batch:batch-43,rejected,False
batch:batch-43,waited_in_queue,True
batch:batch-43,status,completed
batch:batch-44,batch_id,batch-44
batch:batch-44,cycle_time,7.0
batch:batch-44,queue_wait_time,2.0
batch:batch-44,processing_time,4.0
batch:batch-44,stages_count,3
batch:batch-44,completed,False
batch:batch-44,rejected,True
batch:batch-44,waited_in_queue,True
batch:batch-44,status,rejected
batch:batch-45,batch_id,batch-45
batch:batch-45,cycle_time,5.0
batch:batch-45,queue_wait_time,0.0
batch:batch-45,processing_time,4.0
batch:batch-45,stages_count,3
batch:batch-45,completed,False
batch:batch-45,rejected,True
batch:batch-45,waited_in_queue,False
batch:batch-45,status,rejected
batch:batch-46,batch_id,batch-46
batch:batch-46,cycle_time,4.0
batch:batch-46,queue_wait_time,0.0
batch:batch-46,processing_time,4.0
batch:batch-46,stages_count,3
batch:batch-46,completed,False
batch:batch-46,rejected,True
batch:batch-46,waited_in_queue,False
batch:batch-46,status,rejected
batch:batch-47,batch_id,batch-47
batch:batch-47,cycle_time,66.0
batch:batch-47,queue_wait_time,0.0
batch:batch-47,processing_time,16.0
batch:batch-47,stages_count,3
batch:batch-47,completed,True
batch:batch-47,rejected,False
batch:batch-47,waited_in_queue,True
batch:batch-47,status,completed
batch:batch-48,batch_id,batch-48
batch:batch-48,cycle_time,5.0
batch:batch-48,queue_wait_time,0.0
batch:batch-48,processing_time,4.0
batch:batch-48,stages_count,3
batch:batch-48,completed,False
batch:batch-48,rejected,True
batch:batch-48,waited_in_queue,False
batch:batch-48,status,rejected
batch:batch-49,batch_id,batch-49
batch:batch-49,cycle_time,4.0
batch:batch-49,queue_wait_time,0.0
batch:batch-49,processing_time,4.0
batch:batch-49,stages_count,3
batch:batch-49,completed,False
batch:batch-49,rejected,True
batch:batch-49,waited_in_queue,False
batch:batch-49,status,rejected
batch:batch-50,batch_id,batch-50
batch:batch-50,cycle_time,66.0
batch:batch-50,queue_wait_time,0.0
batch:batch-50,processing_time,16.0
batch:batch-50,stages_count,3
batch:batch-50,completed,True
batch:batch-50,rejected,False
batch:batch-50,waited_in_queue,True
batch:batch-50,status,completed
batch:batch-51,batch_id,batch-51
batch:batch-51,cycle_time,5.0
batch:batch-51,queue_wait_time,1.0
batch:batch-51,processing_time,4.0
batch:batch-51,stages_count,3
batch:batch-51,completed,False
batch:batch-51,rejected,True
batch:batch-51,waited_in_queue,True
batch:batch-51,status,rejected
batch:batch-52,batch_id,batch-52
batch:batch-52,cycle_time,6.0
batch:batch-52,queue_wait_time,0.0
batch:batch-52,processing_time,4.0
batch:batch-52,stages_count,3
batch:batch-52,completed,False
batch:batch-52,rejected,True
batch:batch-52,waited_in_queue,False
batch:batch-52,status,rejected
batch:batch-53,batch_id,batch-53
batch:batch-53,cycle_time,66.0
batch:batch-53,queue_wait_time,0.0
batch:batch-53,processing_time,16.0
batch:batch-53,stages_count,3
batch:batch-53,completed,True
batch:batch-53,rejected,False
batch:batch-53,waited_in_queue,True
batch:batch-53,status,completed
batch:batch-54,batch_id,batch-54
batch:batch-54,cycle_time,7.0
batch:batch-54,queue_wait_time,0.0
batch:batch-54,processing_time,4.0
batch:batch-54,stages_count,3
batch:batch-54,completed,False
batch:batch-54,rejected,True
batch:batch-54,waited_in_queue,False
batch:batch-54,status,rejected
batch:batch-55,batch_id,batch-55
batch:batch-55,cycle_time,5.0
batch:batch-55,queue_wait_time,1.0
batch:batch-55,processing_time,4.0
batch:batch-55,stages_count,3
batch:batch-55,completed,False
batch:batch-55,rejected,True
batch:batch-55,waited_in_queue,True
batch:batch-55,status,rejected
batch:batch-56,batch_id,batch-56
batch:batch-56,cycle_time,5.0
batch:batch-56,queue_wait_time,0.0
batch:batch-56,processing_time,4.0
batch:batch-56,stages_count,3
batch:batch-56,completed,False
batch:batch-56,rejected,True
batch:batch-56,waited_in_queue,False
batch:batch-56,status,rejected
batch:batch-57,batch_id,batch-57
batch:batch-57,cycle_time,63.0
batch:batch-57,queue_wait_time,0.0
batch:batch-57,processing_time,16.0
batch:batch-57,stages_count,3
batch:batch-57,completed,True
batch:batch-57,rejected,False
batch:batch-57,waited_in_queue,True
batch:batch-57,status,completed
batch:batch-58,batch_id,batch-58
batch:batch-58,cycle_time,4.0
batch:batch-58,queue_wait_time,0.0
batch:batch-58,processing_time,4.0
batch:batch-58,stages_count,3
batch:batch-58,completed,False
batch:batch-58,rejected,True
batch:batch-58,waited_in_queue,False
batch:batch-58,status,rejected
batch:batch-59,batch_id,batch-59
batch:batch-59,cycle_time,4.0
batch:batch-59,queue_wait_time,0.0
batch:batch-59,processing_time,4.0
batch:batch-59,stages_count,3
batch:batch-59,completed,False
batch:batch-59,rejected,True
batch:batch-59,waited_in_queue,False
batch:batch-59,status,rejected
batch:batch-60,batch_id,batch-60
batch:batch-60,cycle_time,63.0
batch:batch-60,queue_wait_time,0.0
batch:batch-60,processing_time,16.0
batch:batch-60,stages_count,3
batch:batch-60,completed,True
batch:batch-60,rejected,False
batch:batch-60,waited_in_queue,True
batch:batch-60,status,completed
batch:batch-61,batch_id,batch-61
batch:batch-61,cycle_time,8.0
batch:batch-61,queue_wait_time,0.0
batch:batch-61,processing_time,4.0
batch:batch-61,stages_count,3
batch:batch-61,completed,False
batch:batch-61,rejected,True
batch:batch-61,waited_in_queue,False
batch:batch-61,status,rejected
batch:batch-62,batch_id,batch-62
batch:batch-62,cycle_time,67.0
batch:batch-62,queue_wait_time,2.0
batch:batch-62,processing_time,16.0
batch:batch-62,stages_count,3
batch:batch-62,completed,True
batch:batch-62,rejected,False
batch:batch-62,waited_in_queue,True
batch:batch-62,status,completed
batch:batch-63,batch_id,batch-63
batch:batch-63,cycle_time,12.0
batch:batch-63,queue_wait_time,1.0
batch:batch-63,processing_time,4.0
batch:batch-63,stages_count,3
batch:batch-63,completed,False
batch:batch-63,rejected,True
batch:batch-63,waited_in_queue,True
batch:batch-63,status,rejected
batch:batch-64,batch_id,batch-64
batch:batch-64,cycle_time,74.0
batch:batch-64,queue_wait_time,5.0
batch:batch-64,processing_time,16.0
batch:batch-64,stages_count,3
batch:batch-64,completed,True
batch:batch-64,rejected,False
batch:batch-64,waited_in_queue,True
batch:batch-64,status,completed
batch:batch-65,batch_id,batch-65
batch:batch-65,cycle_time,10.0
batch:batch-65,queue_wait_time,5.0
batch:batch-65,processing_time,4.0
batch:batch-65,stages_count,3
batch:batch-65,completed,False
batch:batch-65,rejected,True
batch:batch-65,waited_in_queue,True
batch:batch-65,status,rejected
batch:batch-66,batch_id,batch-66
batch:batch-66,cycle_time,8.0
batch:batch-66,queue_wait_time,4.0
batch:batch-66,processing_time,4.0
batch:batch-66,stages_count,3
batch:batch-66,completed,False
batch:batch-66,rejected,True
batch:batch-66,waited_in_queue,True
batch:batch-66,status,rejected
batch:batch-67,batch_id,batch-67
batch:batch-67,cycle_time,8.0
batch:batch-67,queue_wait_time,2.0
batch:batch-67,processing_time,4.0
batch:batch-67,stages_count,3
batch:batch-67,completed,False
batch:batch-67,rejected,True
batch:batch-67,waited_in_queue,True
batch:batch-67,status,rejected
batch:batch-68,batch_id,batch-68
batch:batch-68,cycle_time,70.0
batch:batch-68,queue_wait_time,1.0
batch:batch-68,processing_time,16.0
batch:batch-68,stages_count,3
batch:batch-68,completed,True
batch:batch-68,rejected,False
batch:batch-68,waited_in_queue,True
batch:batch-68,status,completed
batch:batch-69,batch_id,batch-69
batch:batch-69,cycle_time,5.0
batch:batch-69,queue_wait_time,0.0
batch:batch-69,processing_time,4.0
batch:batch-69,stages_count,3
batch:batch-69,completed,False
batch:batch-69,rejected,True
batch:batch-69,waited_in_queue,False
batch:batch-69,status,rejected
batch:batch-70,batch_id,batch-70
batch:batch-70,cycle_time,4.0
batch:batch-70,queue_wait_time,0.0
batch:batch-70,processing_time,4.0
batch:batch-70,stages_count,3
batch:batch-70,completed,False
batch:batch-70,rejected,True
batch:batch-70,waited_in_queue,False
batch:batch-70,status,rejected
batch:batch-71,batch_id,batch-71
batch:batch-71,cycle_time,4.0
batch:batch-71,queue_wait_time,0.0
batch:batch-71,processing_time,4.0
batch:batch-71,stages_count,3
batch:batch-71,completed,False
batch:batch-71,rejected,True
batch:batch-71,waited_in_queue,False
batch:batch-71,status,rejected
batch:batch-72,batch_id,batch-72
batch:batch-72,cycle_time,68.0
batch:batch-72,queue_wait_time,0.0
batch:batch-72,processing_time,16.0
batch:batch-72,stages_count,3
batch:batch-72,completed,True
batch:batch-72,rejected,False
batch:batch-72,waited_in_queue,True
batch:batch-72,status,completed
batch:batch-73,batch_id,batch-73
batch:batch-73,cycle_time,6.0
batch:batch-73,queue_wait_time,0.0
batch:batch-73,processing_time,4.0
batch:batch-73,stages_count,3
batch:batch-73,completed,False
batch:batch-73,rejected,True
batch:batch-73,waited_in_queue,False
batch:batch-73,status,rejected
batch:batch-74,batch_id,batch-74
batch:batch-74,cycle_time,5.0
batch:batch-74,queue_wait_time,0.0
batch:batch-74,processing_time,4.0
batch:batch-74,stages_count,3
batch:batch-74,completed,False
batch:batch-74,rejected,True
batch:batch-74,waited_in_queue,False
batch:batch-74,status,rejected
batch:batch-75,batch_id,batch-75
batch:batch-75,cycle_time,68.0
batch:batch-75,queue_wait_time,0.0
batch:batch-75,processing_time,16.0
batch:batch-75,stages_count,3
batch:batch-75,completed,True
batch:batch-75,rejected,False
batch:batch-75,waited_in_queue,True
batch:batch-75,status,completed
batch:batch-76,batch_id,batch-76
batch:batch-76,cycle_time,4.0
batch:batch-76,queue_wait_time,0.0
batch:batch-76,processing_time,4.0
batch:batch-76,stages_count,3
batch:batch-76,completed,False
batch:batch-76,rejected,True
batch:batch-76,waited_in_queue,False
batch:batch-76,status,rejected
batch:batch-77,batch_id,batch-77
batch:batch-77,cycle_time,6.0
batch:batch-77,queue_wait_time,0.0
batch:batch-77,processing_time,4.0
batch:batch-77,stages_count,3
batch:batch-77,completed,False
batch:batch-77,rejected,True
batch:batch-77,waited_in_queue,False
batch:batch-77,status,rejected
batch:batch-78,batch_id,batch-78
batch:batch-78,cycle_time,75.0
batch:batch-78,queue_wait_time,0.0
batch:batch-78,processing_time,16.0
batch:batch-78,stages_count,3
batch:batch-78,completed,True
batch:batch-78,rejected,False
batch:batch-78,waited_in_queue,True
batch:batch-78,status,completed
batch:batch-79,batch_id,batch-79
batch:batch-79,cycle_time,4.0
batch:batch-79,queue_wait_time,0.0
batch:batch-79,processing_time,4.0
batch:batch-79,stages_count,3
batch:batch-79,completed,False
batch:batch-79,rejected,True
batch:batch-79,waited_in_queue,False
batch:batch-79,status,rejected
batch:batch-80,batch_id,batch-80
batch:batch-80,cycle_time,6.0
batch:batch-80,queue_wait_time,0.0
batch:batch-80,processing_time,4.0
batch:batch-80,stages_count,3
batch:batch-80,completed,False
batch:batch-80,rejected,True
batch:batch-80,waited_in_queue,False
batch:batch-80,status,rejected
batch:batch-81,batch_id,batch-81
batch:batch-81,cycle_time,77.0
batch:batch-81,queue_wait_time,0.0
batch:batch-81,processing_time,16.0
batch:batch-81,stages_count,3
batch:batch-81,completed,True
batch:batch-81,rejected,False
batch:batch-81,waited_in_queue,True
batch:batch-81,status,completed
batch:batch-82,batch_id,batch-82
batch:batch-82,cycle_time,6.0
batch:batch-82,queue_wait_time,1.0
batch:batch-82,processing_time,4.0
batch:batch-82,stages_count,3
batch:batch-82,completed,False
batch:batch-82,rejected,True
batch:batch-82,waited_in_queue,True
batch:batch-82,status,rejected
batch:batch-83,batch_id,batch-83
batch:batch-83,cycle_time,7.0
batch:batch-83,queue_wait_time,0.0
batch:batch-83,processing_time,4.0
batch:batch-83,stages_count,3
batch:batch-83,completed,False
batch:batch-83,rejected,True
batch:batch-83,waited_in_queue,False
batch:batch-83,status,rejected
batch:batch-84,batch_id,batch-84
batch:batch-84,cycle_time,77.0
batch:batch-84,queue_wait_time,0.0
batch:batch-84,processing_time,16.0
batch:batch-84,stages_count,3
batch:batch-84,completed,True
batch:batch-84,rejected,False
batch:batch-84,waited_in_queue,True
batch:batch-84,status,completed
batch:batch-85,batch_id,batch-85
batch:batch-85,cycle_time,7.0
batch:batch-85,queue_wait_time,3.0
batch:batch-85,processing_time,4.0
batch:batch-85,stages_count,3
batch:batch-85,completed,False
batch:batch-85,rejected,True
batch:batch-85,waited_in_queue,True
batch:batch-85,status,rejected
batch:batch-86,batch_id,batch-86
batch:batch-86,cycle_time,7.0
batch:batch-86,queue_wait_time,0.0
batch:batch-86,processing_time,4.0
batch:batch-86,stages_count,3
batch:batch-86,completed,False
batch:batch-86,rejected,True
batch:batch-86,waited_in_queue,False
batch:batch-86,status,rejected
batch:batch-87,batch_id,batch-87
batch:batch-87,cycle_time,5.0
batch:batch-87,queue_wait_time,1.0
batch:batch-87,processing_time,4.0
batch:batch-87,stages_count,3
batch:batch-87,completed,False
batch:batch-87,rejected,True
batch:batch-87,waited_in_queue,True
batch:batch-87,status,rejected
batch:batch-88,batch_id,batch-88
batch:batch-88,cycle_time,74.0
batch:batch-88,queue_wait_time,0.0
batch:batch-88,processing_time,16.0
batch:batch-88,stages_count,3
batch:batch-88,completed,True
batch:batch-88,rejected,False
batch:batch-88,waited_in_queue,True
batch:batch-88,status,completed
batch:batch-89,batch_id,batch-89
batch:batch-89,cycle_time,4.0
batch:batch-89,queue_wait_time,0.0
batch:batch-89,processing_time,4.0
batch:batch-89,stages_count,3
batch:batch-89,completed,False
batch:batch-89,rejected,True
batch:batch-89,waited_in_queue,False
batch:batch-89,status,rejected
batch:batch-90,batch_id,batch-90
batch:batch-90,cycle_time,80.0
batch:batch-90,queue_wait_time,0.0
batch:batch-90,processing_time,16.0
batch:batch-90,stages_count,3
batch:batch-90,completed,True
batch:batch-90,rejected,False
batch:batch-90,waited_in_queue,True
batch:batch-90,status,completed
batch:batch-91,batch_id,batch-91
batch:batch-91,cycle_time,11.0
batch:batch-91,queue_wait_time,5.0
batch:batch-91,processing_time,4.0
batch:batch-91,stages_count,3
batch:batch-91,completed,False
batch:batch-91,rejected,True
batch:batch-91,waited_in_queue,True
batch:batch-91,status,rejected
batch:batch-92,batch_id,batch-92
batch:batch-92,cycle_time,9.0
batch:batch-92,queue_wait_time,4.0
batch:batch-92,processing_time,4.0
batch:batch-92,stages_count,3
batch:batch-92,completed,False
batch:batch-92,rejected,True
batch:batch-92,waited_in_queue,True
batch:batch-92,status,rejected
batch:batch-93,batch_id,batch-93
batch:batch-93,cycle_time,4.0
batch:batch-93,queue_wait_time,1.0
batch:batch-93,processing_time,2.0
batch:batch-93,stages_count,3
batch:batch-93,completed,False
batch:batch-93,rejected,True
batch:batch-93,waited_in_queue,True
batch:batch-93,status,rejected
batch:batch-94,batch_id,batch-94
batch:batch-94,cycle_time,6.0
batch:batch-94,queue_wait_time,0.0
batch:batch-94,processing_time,4.0
batch:batch-94,stages_count,3
batch:batch-94,completed,False
batch:batch-94,rejected,True
batch:batch-94,waited_in_queue,False
batch:batch-94,status,rejected
batch:batch-95,batch_id,batch-95
batch:batch-95,cycle_time,5.0
batch:batch-95,queue_wait_time,0.0
batch:batch-95,processing_time,4.0
batch:batch-95,stages_count,3
batch:batch-95,completed,False
batch:batch-95,rejected,True
batch:batch-95,waited_in_queue,False
batch:batch-95,status,rejected
batch:batch-96,batch_id,batch-96
batch:batch-96,cycle_time,70.0
batch:batch-96,queue_wait_time,0.0
batch:batch-96,processing_time,16.0
batch:batch-96,stages_count,3
batch:batch-96,completed,True
batch:batch-96,rejected,False
batch:batch-96,waited_in_queue,True
batch:batch-96,status,completed
batch:batch-97,batch_id,batch-97
batch:batch-97,cycle_time,4.0
batch:batch-97,queue_wait_time,0.0
batch:batch-97,processing_time,4.0
batch:batch-97,stages_count,3
batch:batch-97,completed,False
batch:batch-97,rejected,True
batch:batch-97,waited_in_queue,False
batch:batch-97,status,rejected
batch:batch-98,batch_id,batch-98
batch:batch-98,cycle_time,6.0
batch:batch-98,queue_wait_time,0.0
batch:batch-98,processing_time,4.0
batch:batch-98,stages_count,3
batch:batch-98,completed,False
batch:batch-98,rejected,True
batch:batch-98,waited_in_queue,False
batch:batch-98,status,rejected
batch:batch-99,batch_id,batch-99
batch:batch-99,cycle_time,72.0
batch:batch-99,queue_wait_time,0.0
batch:batch-99,processing_time,16.0
batch:batch-99,stages_count,3
batch:batch-99,completed,True
batch:batch-99,rejected,False
batch:batch-99,waited_in_queue,True
batch:batch-99,status,completed
batch:batch-100,batch_id,batch-100
batch:batch-100,cycle_time,7.0
batch:batch-100,queue_wait_time,0.0
batch:batch-100,processing_time,4.0
batch:batch-100,stages_count,3
batch:batch-100,completed,False
batch:batch-100,rejected,True
batch:batch-100,waited_in_queue,False
batch:batch-100,status,rejected
batch:batch-101,batch_id,batch-101
batch:batch-101,cycle_time,80.0
batch:batch-101,queue_wait_time,0.0
batch:batch-101,processing_time,16.0
batch:batch-101,stages_count,3
batch:batch-101,completed,True
batch:batch-101,rejected,False
batch:batch-101,waited_in_queue,True
batch:batch-101,status,completed
batch:batch-102,batch_id,batch-102
batch:batch-102,cycle_time,10.0
batch:batch-102,queue_wait_time,6.0
batch:batch-102,processing_time,4.0
batch:batch-102,stages_count,3
batch:batch-102,completed,False
batch:batch-102,rejected,True
batch:batch-102,waited_in_queue,True
batch:batch-102,status,rejected
batch:batch-103,batch_id,batch-103
batch:batch-103,cycle_time,8.0
batch:batch-103,queue_wait_time,2.0
batch:batch-103,processing_time,4.0
batch:batch-103,stages_count,3
batch:batch-103,completed,False
batch:batch-103,rejected,True
batch:batch-103,waited_in_queue,True
batch:batch-103,status,rejected
batch:batch-104,batch_id,batch-104
batch:batch-104,cycle_time,6.0
batch:batch-104,queue_wait_time,1.0
batch:batch-104,processing_time,4.0
batch:batch-104,stages_count,3
batch:batch-104,completed,False
batch:batch-104,rejected,True
batch:batch-104,waited_in_queue,True
batch:batch-104,status,rejected
batch:batch-105,batch_id,batch-105
batch:batch-105,cycle_time,4.0
batch:batch-105,queue_wait_time,0.0
batch:batch-105,processing_time,4.0
batch:batch-105,stages_count,3
batch:batch-105,completed,False
batch:batch-105,rejected,True
batch:batch-105,waited_in_queue,False
batch:batch-105,status,rejected
batch:batch-106,batch_id,batch-106
batch:batch-106,cycle_time,72.0
batch:batch-106,queue_wait_time,0.0
batch:batch-106,processing_time,16.0
batch:batch-106,stages_count,3
batch:batch-106,completed,True
batch:batch-106,rejected,False
batch:batch-106,waited_in_queue,True
batch:batch-106,status,completed
batch:batch-107,batch_id,batch-107
batch:batch-107,cycle_time,5.0
batch:batch-107,queue_wait_time,0.0
batch:batch-107,processing_time,4.0
batch:batch-107,stages_count,3
batch:batch-107,completed,False
batch:batch-107,rejected,True
batch:batch-107,waited_in_queue,False
batch:batch-107,status,rejected
batch:batch-108,batch_id,batch-108
batch:batch-108,cycle_time,5.0
batch:batch-108,queue_wait_time,0.0
batch:batch-108,processing_time,4.0
batch:batch-108,stages_count,3
batch:batch-108,completed,False
batch:batch-108,rejected,True
batch:batch-108,waited_in_queue,False
batch:batch-108,status,rejected
batch:batch-109,batch_id,batch-109
batch:batch-109,cycle_time,73.0
batch:batch-109,queue_wait_time,0.0
batch:batch-109,processing_time,16.0
batch:batch-109,stages_count,3
batch:batch-109,completed,True
batch:batch-109,rejected,False
batch:batch-109,waited_in_queue,True
batch:batch-109,status,completed
batch:batch-110,batch_id,batch-110
batch:batch-110,cycle_time,8.0
batch:batch-110,queue_wait_time,0.0
batch:batch-110,processing_time,4.0
batch:batch-110,stages_count,3
batch:batch-110,completed,False
batch:batch-110,rejected,True
batch:batch-110,waited_in_queue,False
batch:batch-110,status,rejected
batch:batch-111,batch_id,batch-111
batch:batch-111,cycle_time,6.0
batch:batch-111,queue_wait_time,2.0
batch:batch-111,processing_time,4.0
batch:batch-111,stages_count,3
batch:batch-111,completed,False
batch:batch-111,rejected,True
batch:batch-111,waited_in_queue,True
batch:batch-111,status,rejected
batch:batch-112,batch_id,batch-112
batch:batch-112,cycle_time,73.0
batch:batch-112,queue_wait_time,0.0
batch:batch-112,processing_time,16.0
batch:batch-112,stages_count,3
batch:batch-112,completed,True
batch:batch-112,rejected,False
batch:batch-112,waited_in_queue,True
batch:batch-112,status,completed
batch:batch-113,batch_id,batch-113
batch:batch-113,cycle_time,7.0
batch:batch-113,queue_wait_time,0.0
batch:batch-113,processing_time,4.0
batch:batch-113,stages_count,3
batch:batch-113,completed,False
batch:batch-113,rejected,True
batch:batch-113,waited_in_queue,False
batch:batch-113,status,rejected
batch:batch-114,batch_id,batch-114
batch:batch-114,cycle_time,8.0
batch:batch-114,queue_wait_time,1.0
batch:batch-114,processing_time,4.0
batch:batch-114,stages_count,3
batch:batch-114,completed,False
batch:batch-114,rejected,True
batch:batch-114,waited_in_queue,True
batch:batch-114,status,rejected
batch:batch-115,batch_id,batch-115
batch:batch-115,cycle_time,6.0
batch:batch-115,queue_wait_time,1.0
batch:batch-115,processing_time,4.0
batch:batch-115,stages_count,3
batch:batch-115,completed,False
batch:batch-115,rejected,True
batch:batch-115,waited_in_queue,True
batch:batch-115,status,rejected
batch:batch-116,batch_id,batch-116
batch:batch-116,cycle_time,69.0
batch:batch-116,queue_wait_time,0.0
batch:batch-116,processing_time,16.0
batch:batch-116,stages_count,3
batch:batch-116,completed,True
batch:batch-116,rejected,False
batch:batch-116,waited_in_queue,True
batch:batch-116,status,completed
batch:batch-117,batch_id,batch-117
batch:batch-117,cycle_time,6.0
batch:batch-117,queue_wait_time,0.0
batch:batch-117,processing_time,4.0
batch:batch-117,stages_count,3
batch:batch-117,completed,False
batch:batch-117,rejected,True
batch:batch-117,waited_in_queue,False
batch:batch-117,status,rejected
batch:batch-118,batch_id,batch-118
batch:batch-118,cycle_time,7.0
batch:batch-118,queue_wait_time,0.0
batch:batch-118,processing_time,4.0
batch:batch-118,stages_count,3
batch:batch-118,completed,False
batch:batch-118,rejected,True
batch:batch-118,waited_in_queue,False
batch:batch-118,status,rejected
batch:batch-119,batch_id,batch-119
batch:batch-119,cycle_time,6.0
batch:batch-119,queue_wait_time,0.0
batch:batch-119,processing_time,4.0
batch:batch-119,stages_count,3
batch:batch-119,completed,False
batch:batch-119,rejected,True
batch:batch-119,waited_in_queue,False
batch:batch-119,status,rejected
batch:batch-120,batch_id,batch-120
batch:batch-120,cycle_time,68.0
batch:batch-120,queue_wait_time,0.0
batch:batch-120,processing_time,16.0
batch:batch-120,stages_count,3
batch:batch-120,completed,True
batch:batch-120,rejected,False
batch:batch-120,waited_in_queue,True
batch:batch-120,status,completed
batch:batch-121,batch_id,batch-121
batch:batch-121,cycle_time,5.0
batch:batch-121,queue_wait_time,0.0
batch:batch-121,processing_time,4.0
batch:batch-121,stages_count,3
batch:batch-121,completed,False
batch:batch-121,rejected,True
batch:batch-121,waited_in_queue,False
batch:batch-121,status,rejected
batch:batch-122,batch_id,batch-122
batch:batch-122,cycle_time,4.0
batch:batch-122,queue_wait_time,0.0
batch:batch-122,processing_time,4.0
batch:batch-122,stages_count,3
batch:batch-122,completed,False
batch:batch-122,rejected,True
batch:batch-122,waited_in_queue,False
batch:batch-122,status,rejected
batch:batch-123,batch_id,batch-123
batch:batch-123,cycle_time,69.0
batch:batch-123,queue_wait_time,0.0
batch:batch-123,processing_time,16.0
batch:batch-123,stages_count,3
batch:batch-123,completed,True
batch:batch-123,rejected,False
batch:batch-123,waited_in_queue,True
batch:batch-123,status,completed
batch:batch-124,batch_id,batch-124
batch:batch-124,cycle_time,5.0
batch:batch-124,queue_wait_time,0.0
batch:batch-124,processing_time,4.0
batch:batch-124,stages_count,3
batch:batch-124,completed,False
batch:batch-124,rejected,True
batch:batch-124,waited_in_queue,False
batch:batch-124,status,rejected
batch:batch-125,batch_id,batch-125
batch:batch-125,cycle_time,4.0
batch:batch-125,queue_wait_time,0.0
batch:batch-125,processing_time,4.0
batch:batch-125,stages_count,3
batch:batch-125,completed,False
batch:batch-125,rejected,True
batch:batch-125,waited_in_queue,False
batch:batch-125,status,rejected
batch:batch-126,batch_id,batch-126
batch:batch-126,cycle_time,69.0
batch:batch-126,queue_wait_time,0.0
batch:batch-126,processing_time,16.0
batch:batch-126,stages_count,3
batch:batch-126,completed,True
batch:batch-126,rejected,False
batch:batch-126,waited_in_queue,True
batch:batch-126,status,completed
batch:batch-127,batch_id,batch-127
batch:batch-127,cycle_time,7.0
batch:batch-127,queue_wait_time,0.0
batch:batch-127,processing_time,4.0
batch:batch-127,stages_count,3
batch:batch-127,completed,False
batch:batch-127,rejected,True
batch:batch-127,waited_in_queue,False
batch:batch-127,status,rejected
batch:batch-128,batch_id,batch-128
batch:batch-128,cycle_time,7.0
batch:batch-128,queue_wait_time,1.0
batch:batch-128,processing_time,4.0
batch:batch-128,stages_count,3
batch:batch-128,completed,False
batch:batch-128,rejected,True
batch:batch-128,waited_in_queue,True
batch:batch-128,status,rejected
batch:batch-129,batch_id,batch-129
batch:batch-129,cycle_time,71.0
batch:batch-129,queue_wait_time,1.0
batch:batch-129,processing_time,16.0
batch:batch-129,stages_count,3
batch:batch-129,completed,True
batch:batch-129,rejected,False
batch:batch-129,waited_in_queue,True
batch:batch-129,status,completed
batch:batch-130,batch_id,batch-130
batch:batch-130,cycle_time,5.0
batch:batch-130,queue_wait_time,1.0
batch:batch-130,processing_time,4.0
batch:batch-130,stages_count,3
batch:batch-130,completed,False
batch:batch-130,rejected,True
batch:batch-130,waited_in_queue,True
batch:batch-130,status,rejected
batch:batch-131,batch_id,batch-131
batch:batch-131,cycle_time,6.0
batch:batch-131,queue_wait_time,0.0
batch:batch-131,processing_time,4.0
batch:batch-131,stages_count,3
batch:batch-131,completed,False
batch:batch-131,rejected,True
batch:batch-131,waited_in_queue,False
batch:batch-131,status,rejected
batch:batch-132,batch_id,batch-132
batch:batch-132,cycle_time,71.0
batch:batch-132,queue_wait_time,0.0
batch:batch-132,processing_time,16.0
batch:batch-132,stages_count,3
batch:batch-132,completed,True
batch:batch-132,rejected,False
batch:batch-132,waited_in_queue,True
batch:batch-132,status,completed
batch:batch-133,batch_id,batch-133
batch:batch-133,cycle_time,5.0
batch:batch-133,queue_wait_time,0.0
batch:batch-133,processing_time,4.0
batch:batch-133,stages_count,3
batch:batch-133,completed,False
batch:batch-133,rejected,True
batch:batch-133,waited_in_queue,False
batch:batch-133,status,rejected
batch:batch-134,batch_id,batch-134
batch:batch-134,cycle_time,4.0
batch:batch-134,queue_wait_time,0.0
batch:batch-134,processing_time,4.0
batch:batch-134,stages_count,3
batch:batch-134,completed,False
batch:batch-134,rejected,True
batch:batch-134,waited_in_queue,False
batch:batch-134,status,rejected
batch:batch-135,batch_id,batch-135
batch:batch-135,cycle_time,4.0
batch:batch-135,queue_wait_time,0.0
batch:batch-135,processing_time,4.0
batch:batch-135,stages_count,3
batch:batch-135,completed,False
batch:batch-135,rejected,True
batch:batch-135,waited_in_queue,False
batch:batch-135,status,rejected
batch:batch-136,batch_id,batch-136
batch:batch-136,cycle_time,67.0
batch:batch-136,queue_wait_time,0.0
batch:batch-136,processing_time,16.0
batch:batch-136,stages_count,3
batch:batch-136,completed,True
batch:batch-136,rejected,False
batch:batch-136,waited_in_queue,True
batch:batch-136,status,completed
batch:batch-137,batch_id,batch-137
batch:batch-137,cycle_time,4.0
batch:batch-137,queue_wait_time,0.0
batch:batch-137,processing_time,4.0
batch:batch-137,stages_count,3
batch:batch-137,completed,False
batch:batch-137,rejected,True
batch:batch-137,waited_in_queue,False
batch:batch-137,status,rejected
batch:batch-138,batch_id,batch-138
batch:batch-138,cycle_time,71.0
batch:batch-138,queue_wait_time,0.0
batch:batch-138,processing_time,16.0
batch:batch-138,stages_count,3
batch:batch-138,completed,True
batch:batch-138,rejected,False
batch:batch-138,waited_in_queue,True
batch:batch-138,status,completed
batch:batch-139,batch_id,batch-139
batch:batch-139,cycle_time,9.0
batch:batch-139,queue_wait_time,1.0
batch:batch-139,processing_time,4.0
batch:batch-139,stages_count,3
batch:batch-139,completed,False
batch:batch-139,rejected,True
batch:batch-139,waited_in_queue,True
batch:batch-139,status,rejected
batch:batch-140,batch_id,batch-140
batch:batch-140,cycle_time,8.0
batch:batch-140,queue_wait_time,2.0
batch:batch-140,processing_time,4.0
batch:batch-140,stages_count,3
batch:batch-140,completed,False
batch:batch-140,rejected,True
batch:batch-140,waited_in_queue,True
batch:batch-140,status,rejected
batch:batch-141,batch_id,batch-141
batch:batch-141,cycle_time,6.0
batch:batch-141,queue_wait_time,2.0
batch:batch-141,processing_time,4.0
batch:batch-141,stages_count,3
batch:batch-141,completed,False
batch:batch-141,rejected,True
batch:batch-141,waited_in_queue,True
batch:batch-141,status,rejected
batch:batch-142,batch_id,batch-142
batch:batch-142,cycle_time,67.0
batch:batch-142,queue_wait_time,0.0
batch:batch-142,processing_time,16.0
batch:batch-142,stages_count,3
batch:batch-142,completed,True
batch:batch-142,rejected,False
batch:batch-142,waited_in_queue,True
batch:batch-142,status,completed
batch:batch-143,batch_id,batch-143
batch:batch-143,cycle_time,6.0
batch:batch-143,queue_wait_time,1.0
batch:batch-143,processing_time,4.0
batch:batch-143,stages_count,3
batch:batch-143,completed,False
batch:batch-143,rejected,True
batch:batch-143,waited_in_queue,True
batch:batch-143,status,rejected
batch:batch-144,batch_id,batch-144
batch:batch-144,cycle_time,7.0
batch:batch-144,queue_wait_time,0.0
batch:batch-144,processing_time,4.0
batch:batch-144,stages_count,3
batch:batch-144,completed,False
batch:batch-144,rejected,True
batch:batch-144,waited_in_queue,False
batch:batch-144,status,rejected
batch:batch-145,batch_id,batch-145
batch:batch-145,cycle_time,6.0
batch:batch-145,queue_wait_time,1.0
batch:batch-145,processing_time,4.0
batch:batch-145,stages_count,3
batch:batch-145,completed,False
batch:batch-145,rejected,True
batch:batch-145,waited_in_queue,True
batch:batch-145,status,rejected
batch:batch-146,batch_id,batch-146
batch:batch-146,cycle_time,63.0
batch:batch-146,queue_wait_time,0.0
batch:batch-146,processing_time,16.0
batch:batch-146,stages_count,3
batch:batch-146,completed,True
batch:batch-146,rejected,False
batch:batch-146,waited_in_queue,True
batch:batch-146,status,completed
batch:batch-147,batch_id,batch-147
batch:batch-147,cycle_time,5.0
batch:batch-147,queue_wait_time,1.0
batch:batch-147,processing_time,4.0
batch:batch-147,stages_count,3
batch:batch-147,completed,False
batch:batch-147,rejected,True
batch:batch-147,waited_in_queue,True
batch:batch-147,status,rejected
batch:batch-148,batch_id,batch-148
batch:batch-148,cycle_time,68.0
batch:batch-148,queue_wait_time,0.0
batch:batch-148,processing_time,16.0
batch:batch-148,stages_count,3
batch:batch-148,completed,True
batch:batch-148,rejected,False
batch:batch-148,waited_in_queue,True
batch:batch-148,status,completed
batch:batch-149,batch_id,batch-149
batch:batch-149,cycle_time,9.0
batch:batch-149,queue_wait_time,3.0
batch:batch-149,processing_time,4.0
batch:batch-149,stages_count,3
batch:batch-149,completed,False
batch:batch-149,rejected,True
batch:batch-149,waited_in_queue,True
batch:batch-149,status,rejected
batch:batch-150,batch_id,batch-150
batch:batch-150,cycle_time,72.0
batch:batch-150,queue_wait_time,1.0
batch:batch-150,processing_time,16.0
batch:batch-150,stages_count,3
batch:batch-150,completed,True
batch:batch-150,rejected,False
batch:batch-150,waited_in_queue,True
batch:batch-150,status,completed
batch:batch-151,batch_id,batch-151
batch:batch-151,cycle_time,10.0
batch:batch-151,queue_wait_time,5.0
batch:batch-151,processing_time,4.0
batch:batch-151,stages_count,3
batch:batch-151,completed,False
batch:batch-151,rejected,True
batch:batch-151,waited_in_queue,True
batch:batch-151,status,rejected
batch:batch-152,batch_id,batch-152
batch:batch-152,cycle_time,10.0
batch:batch-152,queue_wait_time,3.0
batch:batch-152,processing_time,4.0
batch:batch-152,stages_count,3
batch:batch-152,completed,False
batch:batch-152,rejected,True
batch:batch-152,waited_in_queue,True
batch:batch-152,status,rejected
batch:batch-153,batch_id,batch-153
batch:batch-153,cycle_time,10.0
batch:batch-153,queue_wait_time,4.0
batch:batch-153,processing_time,4.0
batch:batch-153,stages_count,3
batch:batch-153,completed,False
batch:batch-153,rejected,True
batch:batch-153,waited_in_queue,True
batch:batch-153,status,rejected
batch:batch-154,batch_id,batch-154
batch:batch-154,cycle_time,68.0
batch:batch-154,queue_wait_time,4.0
batch:batch-154,processing_time,16.0
batch:batch-154,stages_count,3
batch:batch-154,completed,True
batch:batch-154,rejected,False
batch:batch-154,waited_in_queue,True
batch:batch-154,status,completed
batch:batch-155,batch_id,batch-155
batch:batch-155,cycle_time,8.0
batch:batch-155,queue_wait_time,2.0
batch:batch-155,processing_time,4.0
batch:batch-155,stages_count,3
batch:batch-155,completed,False
batch:batch-155,rejected,True
batch:batch-155,waited_in_queue,True
batch:batch-155,status,rejected
batch:batch-156,batch_id,batch-156
batch:batch-156,cycle_time,6.0
batch:batch-156,queue_wait_time,2.0
batch:batch-156,processing_time,4.0
batch:batch-156,stages_count,3
batch:batch-156,completed,False
batch:batch-156,rejected,True
batch:batch-156,waited_in_queue,True
batch:batch-156,status,rejected
batch:batch-157,batch_id,batch-157
batch:batch-157,cycle_time,72.0
batch:batch-157,queue_wait_time,0.0
batch:batch-157,processing_time,16.0
batch:batch-157,stages_count,3
batch:batch-157,completed,True
batch:batch-157,rejected,False
batch:batch-157,waited_in_queue,True
batch:batch-157,status,completed
batch:batch-158,batch_id,batch-158
batch:batch-158,cycle_time,7.0
batch:batch-158,queue_wait_time,1.0
batch:batch-158,processing_time,4.0
batch:batch-158,stages_count,3
batch:batch-158,completed,False
batch:batch-158,rejected,True
batch:batch-158,waited_in_queue,True
batch:batch-158,status,rejected
batch:batch-159,batch_id,batch-159
batch:batch-159,cycle_time,7.0
batch:batch-159,queue_wait_time,1.0
batch:batch-159,processing_time,4.0
batch:batch-159,stages_count,3
batch:batch-159,completed,False
batch:batch-159,rejected,True
batch:batch-159,waited_in_queue,True
batch:batch-159,status,rejected
batch:batch-160,batch_id,batch-160
batch:batch-160,cycle_time,6.0
batch:batch-160,queue_wait_time,0.0
batch:batch-160,processing_time,4.0
batch:batch-160,stages_count,3
batch:batch-160,completed,False
batch:batch-160,rejected,True
batch:batch-160,waited_in_queue,False
batch:batch-160,status,rejected
batch:batch-161,batch_id,batch-161
batch:batch-161,cycle_time,68.0
batch:batch-161,queue_wait_time,0.0
batch:batch-161,processing_time,16.0
batch:batch-161,stages_count,3
batch:batch-161,completed,True
batch:batch-161,rejected,False
batch:batch-161,waited_in_queue,True
batch:batch-161,status,completed
batch:batch-162,batch_id,batch-162
batch:batch-162,cycle_time,5.0
batch:batch-162,queue_wait_time,1.0
batch:batch-162,processing_time,4.0
batch:batch-162,stages_count,3
batch:batch-162,completed,False
batch:batch-162,rejected,True
batch:batch-162,waited_in_queue,True
batch:batch-162,status,rejected
batch:batch-163,batch_id,batch-163
batch:batch-163,cycle_time,73.0
batch:batch-163,queue_wait_time,0.0
batch:batch-163,processing_time,16.0
batch:batch-163,stages_count,3
batch:batch-163,completed,True
batch:batch-163,rejected,False
batch:batch-163,waited_in_queue,True
batch:batch-163,status,completed
batch:batch-164,batch_id,batch-164
batch:batch-164,cycle_time,8.0
batch:batch-164,queue_wait_time,3.0
batch:batch-164,processing_time,4.0
batch:batch-164,stages_count,3
batch:batch-164,completed,False
batch:batch-164,rejected,True
batch:batch-164,waited_in_queue,True
batch:batch-164,status,rejected
batch:batch-165,batch_id,batch-165
batch:batch-165,cycle_time,9.0
batch:batch-165,queue_wait_time,0.0
batch:batch-165,processing_time,4.0
batch:batch-165,stages_count,3
batch:batch-165,completed,False
batch:batch-165,rejected,True
batch:batch-165,waited_in_queue,False
batch:batch-165,status,rejected
batch:batch-166,batch_id,batch-166
batch:batch-166,cycle_time,7.0
batch:batch-166,queue_wait_time,3.0
batch:batch-166,processing_time,4.0
batch:batch-166,stages_count,3
batch:batch-166,completed,False
batch:batch-166,rejected,True
batch:batch-166,waited_in_queue,True
batch:batch-166,status,rejected
batch:batch-167,batch_id,batch-167
batch:batch-167,cycle_time,71.0
batch:batch-167,queue_wait_time,0.0
batch:batch-167,processing_time,16.0
batch:batch-167,stages_count,3
batch:batch-167,completed,True
batch:batch-167,rejected,False
batch:batch-167,waited_in_queue,True
batch:batch-167,status,completed
batch:batch-168,batch_id,batch-168
batch:batch-168,cycle_time,4.0
batch:batch-168,queue_wait_time,0.0
batch:batch-168,processing_time,4.0
batch:batch-168,stages_count,3
batch:batch-168,completed,False
batch:batch-168,rejected,True
batch:batch-168,waited_in_queue,False
batch:batch-168,status,rejected
batch:batch-169,batch_id,batch-169
batch:batch-169,cycle_time,4.0
batch:batch-169,queue_wait_time,0.0
batch:batch-169,processing_time,4.0
batch:batch-169,stages_count,3
batch:batch-169,completed,False
batch:batch-169,rejected,True
batch:batch-169,waited_in_queue,False
batch:batch-169,status,rejected
batch:batch-170,batch_id,batch-170
batch:batch-170,cycle_time,72.0
batch:batch-170,queue_wait_time,0.0
batch:batch-170,processing_time,16.0
batch:batch-170,stages_count,3
batch:batch-170,completed,True
batch:batch-170,rejected,False
batch:batch-170,waited_in_queue,True
batch:batch-170,status,completed
batch:batch-171,batch_id,batch-171
batch:batch-171,cycle_time,5.0
batch:batch-171,queue_wait_time,1.0
batch:batch-171,processing_time,4.0
batch:batch-171,stages_count,3
batch:batch-171,completed,False
batch:batch-171,rejected,True
batch:batch-171,waited_in_queue,True
batch:batch-171,status,rejected
batch:batch-172,batch_id,batch-172
batch:batch-172,cycle_time,5.0
batch:batch-172,queue_wait_time,0.0
batch:batch-172,processing_time,4.0
batch:batch-172,stages_count,3
batch:batch-172,completed,False
batch:batch-172,rejected,True
batch:batch-172,waited_in_queue,False
batch:batch-172,status,rejected
batch:batch-173,batch_id,batch-173
batch:batch-173,cycle_time,4.0
batch:batch-173,queue_wait_time,0.0
batch:batch-173,processing_time,4.0
batch:batch-173,stages_count,3
batch:batch-173,completed,False
batch:batch-173,rejected,True
batch:batch-173,waited_in_queue,False
batch:batch-173,status,rejected
batch:batch-174,batch_id,batch-174
batch:batch-174,cycle_time,68.0
batch:batch-174,queue_wait_time,0.0
batch:batch-174,processing_time,16.0
batch:batch-174,stages_count,3
batch:batch-174,completed,True
batch:batch-174,rejected,False
batch:batch-174,waited_in_queue,True
batch:batch-174,status,completed
batch:batch-175,batch_id,batch-175
batch:batch-175,cycle_time,7.0
batch:batch-175,queue_wait_time,0.0
batch:batch-175,processing_time,4.0
batch:batch-175,stages_count,3
batch:batch-175,completed,False
batch:batch-175,rejected,True
batch:batch-175,waited_in_queue,False
batch:batch-175,status,rejected
batch:batch-176,batch_id,batch-176
batch:batch-176,cycle_time,72.0
batch:batch-176,queue_wait_time,1.0
batch:batch-176,processing_time,16.0
batch:batch-176,stages_count,3
batch:batch-176,completed,True
batch:batch-176,rejected,False
batch:batch-176,waited_in_queue,True
batch:batch-176,status,completed
batch:batch-177,batch_id,batch-177
batch:batch-177,cycle_time,6.0
batch:batch-177,queue_wait_time,2.0
batch:batch-177,processing_time,4.0
batch:batch-177,stages_count,3
batch:batch-177,completed,False
batch:batch-177,rejected,True
batch:batch-177,waited_in_queue,True
batch:batch-177,status,rejected
batch:batch-178,batch_id,batch-178
batch:batch-178,cycle_time,7.0
batch:batch-178,queue_wait_time,0.0
batch:batch-178,processing_time,4.0
batch:batch-178,stages_count,3
batch:batch-178,completed,False
batch:batch-178,rejected,True
batch:batch-178,waited_in_queue,False
batch:batch-178,status,rejected
batch:batch-179,batch_id,batch-179
batch:batch-179,cycle_time,6.0
batch:batch-179,queue_wait_time,0.0
batch:batch-179,processing_time,4.0
batch:batch-179,stages_count,3
batch:batch-179,completed,False
batch:batch-179,rejected,True
batch:batch-179,waited_in_queue,False
batch:batch-179,status,rejected
batch:batch-180,batch_id,batch-180
batch:batch-180,cycle_time,4.0
batch:batch-180,queue_wait_time,0.0
batch:batch-180,processing_time,4.0
batch:batch-180,stages_count,3
batch:batch-180,completed,False
batch:batch-180,rejected,True
batch:batch-180,waited_in_queue,False
batch:batch-180,status,rejected
batch:batch-181,batch_id,batch-181
batch:batch-181,cycle_time,65.0
batch:batch-181,queue_wait_time,0.0
batch:batch-181,processing_time,16.0
batch:batch-181,stages_count,3
batch:batch-181,completed,True
batch:batch-181,rejected,False
batch:batch-181,waited_in_queue,True
batch:batch-181,status,completed
batch:batch-182,batch_id,batch-182
batch:batch-182,cycle_time,8.0
batch:batch-182,queue_wait_time,0.0
batch:batch-182,processing_time,4.0
batch:batch-182,stages_count,3
batch:batch-182,completed,False
batch:batch-182,rejected,True
batch:batch-182,waited_in_queue,False
batch:batch-182,status,rejected
batch:batch-183,batch_id,batch-183
batch:batch-183,cycle_time,6.0
batch:batch-183,queue_wait_time,1.0
batch:batch-183,processing_time,4.0
batch:batch-183,stages_count,3
batch:batch-183,completed,False
batch:batch-183,rejected,True
batch:batch-183,waited_in_queue,True
batch:batch-183,status,rejected
batch:batch-184,batch_id,batch-184
batch:batch-184,cycle_time,67.0
batch:batch-184,queue_wait_time,0.0
batch:batch-184,processing_time,16.0
batch:batch-184,stages_count,3
batch:batch-184,completed,True
batch:batch-184,rejected,False
batch:batch-184,waited_in_queue,True
batch:batch-184,status,completed
batch:batch-185,batch_id,batch-185
batch:batch-185,cycle_time,6.0
batch:batch-185,queue_wait_time,0.0
batch:batch-185,processing_time,4.0
batch:batch-185,stages_count,3
batch:batch-185,completed,False
batch:batch-185,rejected,True
batch:batch-185,waited_in_queue,False
batch:batch-185,status,rejected
batch:batch-186,batch_id,batch-186
batch:batch-186,cycle_time,4.0
batch:batch-186,queue_wait_time,0.0
batch:batch-186,processing_time,4.0
batch:batch-186,stages_count,3
batch:batch-186,completed,False
batch:batch-186,rejected,True
batch:batch-186,waited_in_queue,False
batch:batch-186,status,rejected
batch:batch-187,batch_id,batch-187
batch:batch-187,cycle_time,69.0
batch:batch-187,queue_wait_time,0.0
batch:batch-187,processing_time,16.0
batch:batch-187,stages_count,3
batch:batch-187,completed,True
batch:batch-187,rejected,False
batch:batch-187,waited_in_queue,True
batch:batch-187,status,completed
batch:batch-188,batch_id,batch-188
batch:batch-188,cycle_time,4.0
batch:batch-188,queue_wait_time,0.0
batch:batch-188,processing_time,4.0
batch:batch-188,stages_count,3
batch:batch-188,completed,False
batch:batch-188,rejected,True
batch:batch-188,waited_in_queue,False
batch:batch-188,status,rejected
batch:batch-189,batch_id,batch-189
batch:batch-189,cycle_time,75.0
batch:batch-189,queue_wait_time,0.0
batch:batch-189,processing_time,16.0
batch:batch-189,stages_count,3
batch:batch-189,completed,True
batch:batch-189,rejected,False
batch:batch-189,waited_in_queue,True
batch:batch-189,status,completed
batch:batch-190,batch_id,batch-190
batch:batch-190,cycle_time,13.0
batch:batch-190,queue_wait_time,7.0
batch:batch-190,processing_time,4.0
batch:batch-190,stages_count,3
batch:batch-190,completed,False
batch:batch-190,rejected,True
batch:batch-190,waited_in_queue,True
batch:batch-190,status,rejected
batch:batch-191,batch_id,batch-191
batch:batch-191,cycle_time,11.0
batch:batch-191,queue_wait_time,7.0
batch:batch-191,processing_time,4.0
batch:batch-191,stages_count,3
batch:batch-191,completed,False
batch:batch-191,rejected,True
batch:batch-191,waited_in_queue,True
batch:batch-191,status,rejected
batch:batch-192,batch_id,batch-192
batch:batch-192,cycle_time,76.0
batch:batch-192,queue_wait_time,4.0
batch:batch-192,processing_time,16.0
batch:batch-192,stages_count,3
batch:batch-192,completed,True
batch:batch-192,rejected,False
batch:batch-192,waited_in_queue,True
batch:batch-192,status,completed
batch:batch-193,batch_id,batch-193
batch:batch-193,cycle_time,9.0
batch:batch-193,queue_wait_time,5.0
batch:batch-193,processing_time,4.0
batch:batch-193,stages_count,3
batch:batch-193,completed,False
batch:batch-193,rejected,True
batch:batch-193,waited_in_queue,True
batch:batch-193,status,rejected
batch:batch-194,batch_id,batch-194
batch:batch-194,cycle_time,8.0
batch:batch-194,queue_wait_time,1.0
batch:batch-194,processing_time,4.0
batch:batch-194,stages_count,3
batch:batch-194,completed,False
batch:batch-194,rejected,True
batch:batch-194,waited_in_queue,True
batch:batch-194,status,rejected
batch:batch-195,batch_id,batch-195
batch:batch-195,cycle_time,7.0
batch:batch-195,queue_wait_time,0.0
batch:batch-195,processing_time,4.0
batch:batch-195,stages_count,3
batch:batch-195,completed,False
batch:batch-195,rejected,True
batch:batch-195,waited_in_queue,False
batch:batch-195,status,rejected
batch:batch-196,batch_id,batch-196
batch:batch-196,cycle_time,73.0
batch:batch-196,queue_wait_time,0.0
batch:batch-196,processing_time,16.0
batch:batch-196,stages_count,3
batch:batch-196,completed,True
batch:batch-196,rejected,False
batch:batch-196,waited_in_queue,True
batch:batch-196,status,completed
batch:batch-197,batch_id,batch-197
batch:batch-197,cycle_time,8.0
batch:batch-197,queue_wait_time,4.0
batch:batch-197,processing_time,4.0
batch:batch-197,stages_count,3
batch:batch-197,completed,False
batch:batch-197,rejected,True
batch:batch-197,waited_in_queue,True
batch:batch-197,status,rejected
batch:batch-198,batch_id,batch-198
batch:batch-198,cycle_time,6.0
batch:batch-198,queue_wait_time,2.0
batch:batch-198,processing_time,4.0
batch:batch-198,stages_count,3
batch:batch-198,completed,False
batch:batch-198,rejected,True
batch:batch-198,waited_in_queue,True
batch:batch-198,status,rejected
batch:batch-199,batch_id,batch-199
batch:batch-199,cycle_time,73.0
batch:batch-199,queue_wait_time,0.0
batch:batch-199,processing_time,16.0
batch:batch-199,stages_count,3
batch:batch-199,completed,True
batch:batch-199,rejected,False
batch:batch-199,waited_in_queue,True
batch:batch-199,status,completed
batch:batch-200,batch_id,batch-200
batch:batch-200,cycle_time,12.0
batch:batch-200,queue_wait_time,3.0
batch:batch-200,processing_time,4.0
batch:batch-200,stages_count,3
batch:batch-200,completed,False
batch:batch-200,rejected,True
batch:batch-200,waited_in_queue,True
batch:batch-200,status,rejected
batch:batch-201,batch_id,batch-201
batch:batch-201,cycle_time,10.0
batch:batch-201,queue_wait_time,6.0
batch:batch-201,processing_time,4.0
batch:batch-201,stages_count,3
batch:batch-201,completed,False
batch:batch-201,rejected,True
batch:batch-201,waited_in_queue,True
batch:batch-201,status,rejected
batch:batch-202,batch_id,batch-202
batch:batch-202,cycle_time,77.0
batch:batch-202,queue_wait_time,3.0
batch:batch-202,processing_time,16.0
batch:batch-202,stages_count,3
batch:batch-202,completed,True
batch:batch-202,rejected,False
batch:batch-202,waited_in_queue,True
batch:batch-202,status,completed
batch:batch-203,batch_id,batch-203
batch:batch-203,cycle_time,14.0
batch:batch-203,queue_wait_time,2.0
batch:batch-203,processing_time,4.0
batch:batch-203,stages_count,3
batch:batch-203,completed,False
batch:batch-203,rejected,True
batch:batch-203,waited_in_queue,True
batch:batch-203,status,rejected
batch:batch-204,batch_id,batch-204
batch:batch-204,cycle_time,12.0
batch:batch-204,queue_wait_time,6.0
batch:batch-204,processing_time,4.0
batch:batch-204,stages_count,3
batch:batch-204,completed,False
batch:batch-204,rejected,True
batch:batch-204,waited_in_queue,True
batch:batch-204,status,rejected
batch:batch-205,batch_id,batch-205
batch:batch-205,cycle_time,10.0
batch:batch-205,queue_wait_time,5.0
batch:batch-205,processing_time,4.0
batch:batch-205,stages_count,3
batch:batch-205,completed,False
batch:batch-205,rejected,True
batch:batch-205,waited_in_queue,True
batch:batch-205,status,rejected
batch:batch-206,batch_id,batch-206
batch:batch-206,cycle_time,75.0
batch:batch-206,queue_wait_time,1.0
batch:batch-206,processing_time,16.0
batch:batch-206,stages_count,3
batch:batch-206,completed,True
batch:batch-206,rejected,False
batch:batch-206,waited_in_queue,True
batch:batch-206,status,completed
batch:batch-207,batch_id,batch-207
batch:batch-207,cycle_time,8.0
batch:batch-207,queue_wait_time,2.0
batch:batch-207,processing_time,4.0
batch:batch-207,stages_count,3
batch:batch-207,completed,False
batch:batch-207,rejected,True
batch:batch-207,waited_in_queue,True
batch:batch-207,status,rejected
batch:batch-208,batch_id,batch-208
batch:batch-208,cycle_time,7.0
batch:batch-208,queue_wait_time,2.0
batch:batch-208,processing_time,4.0
batch:batch-208,stages_count,3
batch:batch-208,completed,False
batch:batch-208,rejected,True
batch:batch-208,waited_in_queue,True
batch:batch-208,status,rejected
batch:batch-209,batch_id,batch-209
batch:batch-209,cycle_time,5.0
batch:batch-209,queue_wait_time,1.0
batch:batch-209,processing_time,4.0
batch:batch-209,stages_count,3
batch:batch-209,completed,False
batch:batch-209,rejected,True
batch:batch-209,waited_in_queue,True
batch:batch-209,status,rejected
batch:batch-210,batch_id,batch-210
batch:batch-210,cycle_time,73.0
batch:batch-210,queue_wait_time,0.0
batch:batch-210,processing_time,16.0
batch:batch-210,stages_count,3
batch:batch-210,completed,True
batch:batch-210,rejected,False
batch:batch-210,waited_in_queue,True
batch:batch-210,status,completed
batch:batch-211,batch_id,batch-211
batch:batch-211,cycle_time,7.0
batch:batch-211,queue_wait_time,0.0
batch:batch-211,processing_time,4.0
batch:batch-211,stages_count,3
batch:batch-211,completed,False
batch:batch-211,rejected,True
batch:batch-211,waited_in_queue,False
batch:batch-211,status,rejected
batch:batch-212,batch_id,batch-212
batch:batch-212,cycle_time,6.0
batch:batch-212,queue_wait_time,0.0
batch:batch-212,processing_time,4.0
batch:batch-212,stages_count,3
batch:batch-212,completed,False
batch:batch-212,rejected,True
batch:batch-212,waited_in_queue,False
batch:batch-212,status,rejected
batch:batch-213,batch_id,batch-213
batch:batch-213,cycle_time,73.0
batch:batch-213,queue_wait_time,0.0
batch:batch-213,processing_time,16.0
batch:batch-213,stages_count,3
batch:batch-213,completed,True
batch:batch-213,rejected,False
batch:batch-213,waited_in_queue,True
batch:batch-213,status,completed
batch:batch-214,batch_id,batch-214
batch:batch-214,cycle_time,5.0
batch:batch-214,queue_wait_time,1.0
batch:batch-214,processing_time,4.0
batch:batch-214,stages_count,3
batch:batch-214,completed,False
batch:batch-214,rejected,True
batch:batch-214,waited_in_queue,True
batch:batch-214,status,rejected
batch:batch-215,batch_id,batch-215
batch:batch-215,cycle_time,6.0
batch:batch-215,queue_wait_time,0.0
batch:batch-215,processing_time,4.0
batch:batch-215,stages_count,3
batch:batch-215,completed,False
batch:batch-215,rejected,True
batch:batch-215,waited_in_queue,False
batch:batch-215,status,rejected
batch:batch-216,batch_id,batch-216
batch:batch-216,cycle_time,74.0
batch:batch-216,queue_wait_time,0.0
batch:batch-216,processing_time,16.0
batch:batch-216,stages_count,3
batch:batch-216,completed,True
batch:batch-216,rejected,False
batch:batch-216,waited_in_queue,True
batch:batch-216,status,completed
batch:batch-217,batch_id,batch-217
batch:batch-217,cycle_time,8.0
batch:batch-217,queue_wait_time,0.0
batch:batch-217,processing_time,4.0
batch:batch-217,stages_count,3
batch:batch-217,completed,False
batch:batch-217,rejected,True
batch:batch-217,waited_in_queue,False
batch:batch-217,status,rejected
batch:batch-218,batch_id,batch-218
batch:batch-218,cycle_time,10.0
batch:batch-218,queue_wait_time,2.0
batch:batch-218,processing_time,4.0
batch:batch-218,stages_count,3
batch:batch-218,completed,False
batch:batch-218,rejected,True
batch:batch-218,waited_in_queue,True
batch:batch-218,status,rejected
batch:batch-219,batch_id,batch-219
batch:batch-219,cycle_time,8.0
batch:batch-219,queue_wait_time,4.0
batch:batch-219,processing_time,4.0
batch:batch-219,stages_count,3
batch:batch-219,completed,False
batch:batch-219,rejected,True
batch:batch-219,waited_in_queue,True
batch:batch-219,status,rejected
batch:batch-220,batch_id,batch-220
batch:batch-220,cycle_time,72.0
batch:batch-220,queue_wait_time,2.0
batch:batch-220,processing_time,16.0
batch:batch-220,stages_count,3
batch:batch-220,completed,True
batch:batch-220,rejected,False
batch:batch-220,waited_in_queue,True
batch:batch-220,status,completed
batch:batch-221,batch_id,batch-221
batch:batch-221,cycle_time,6.0
batch:batch-221,queue_wait_time,1.0
batch:batch-221,processing_time,4.0
batch:batch-221,stages_count,3
batch:batch-221,completed,False
batch:batch-221,rejected,True
batch:batch-221,waited_in_queue,True
batch:batch-221,status,rejected
batch:batch-222,batch_id,batch-222
batch:batch-222,cycle_time,5.0
batch:batch-222,queue_wait_time,0.0
batch:batch-222,processing_time,4.0
batch:batch-222,stages_count,3
batch:batch-222,completed,False
batch:batch-222,rejected,True
batch:batch-222,waited_in_queue,False
batch:batch-222,status,rejected
batch:batch-223,batch_id,batch-223
batch:batch-223,cycle_time,6.0
batch:batch-223,queue_wait_time,0.0
batch:batch-223,processing_time,4.0
batch:batch-223,stages_count,3
batch:batch-223,completed,False
batch:batch-223,rejected,True
batch:batch-223,waited_in_queue,False
batch:batch-223,status,rejected
batch:batch-224,batch_id,batch-224
batch:batch-224,cycle_time,68.0
batch:batch-224,queue_wait_time,0.0
batch:batch-224,processing_time,16.0
batch:batch-224,stages_count,3
batch:batch-224,completed,True
batch:batch-224,rejected,False
batch:batch-224,waited_in_queue,True
batch:batch-224,status,completed
batch:batch-225,batch_id,batch-225
batch:batch-225,cycle_time,8.0
batch:batch-225,queue_wait_time,0.0
batch:batch-225,processing_time,4.0
batch:batch-225,stages_count,3
batch:batch-225,completed,False
batch:batch-225,rejected,True
batch:batch-225,waited_in_queue,False
batch:batch-225,status,rejected
batch:batch-226,batch_id,batch-226
batch:batch-226,cycle_time,8.0
batch:batch-226,queue_wait_time,2.0
batch:batch-226,processing_time,4.0
batch:batch-226,stages_count,3
batch:batch-226,completed,False
batch:batch-226,rejected,True
batch:batch-226,waited_in_queue,True
batch:batch-226,status,rejected
batch:batch-227,batch_id,batch-227
batch:batch-227,cycle_time,68.0
batch:batch-227,queue_wait_time,0.0
batch:batch-227,processing_time,16.0
batch:batch-227,stages_count,3
batch:batch-227,completed,True
batch:batch-227,rejected,False
batch:batch-227,waited_in_queue,True
batch:batch-227,status,completed
batch:batch-228,batch_id,batch-228
batch:batch-228,cycle_time,4.0
batch:batch-228,queue_wait_time,0.0
batch:batch-228,processing_time,4.0
batch:batch-228,stages_count,3
batch:batch-228,completed,False
batch:batch-228,rejected,True
batch:batch-228,waited_in_queue,False
batch:batch-228,status,rejected
batch:batch-229,batch_id,batch-229
batch:batch-229,cycle_time,7.0
batch:batch-229,queue_wait_time,0.0
batch:batch-229,processing_time,4.0
batch:batch-229,stages_count,3
batch:batch-229,completed,False
batch:batch-229,rejected,True
batch:batch-229,waited_in_queue,False
batch:batch-229,status,rejected
batch:batch-230,batch_id,batch-230
batch:batch-230,cycle_time,69.0
batch:batch-230,queue_wait_time,0.0
batch:batch-230,processing_time,16.0
batch:batch-230,stages_count,3
batch:batch-230,completed,True
batch:batch-230,rejected,False
batch:batch-230,waited_in_queue,True
batch:batch-230,status,completed
batch:batch-231,batch_id,batch-231
batch:batch-231,cycle_time,9.0
batch:batch-231,queue_wait_time,1.0
batch:batch-231,processing_time,4.0
batch:batch-231,stages_count,3
batch:batch-231,completed,False
batch:batch-231,rejected,True
batch:batch-231,waited_in_queue,True
batch:batch-231,status,rejected
batch:batch-232,batch_id,batch-232
batch:batch-232,cycle_time,7.0
batch:batch-232,queue_wait_time,3.0
batch:batch-232,processing_time,4.0
batch:batch-232,stages_count,3
batch:batch-232,completed,False
batch:batch-232,rejected,True
batch:batch-232,waited_in_queue,True
batch:batch-232,status,rejected
batch:batch-233,batch_id,batch-233
batch:batch-233,cycle_time,5.0
batch:batch-233,queue_wait_time,0.0
batch:batch-233,processing_time,4.0
batch:batch-233,stages_count,3
batch:batch-233,completed,False
batch:batch-233,rejected,True
batch:batch-233,waited_in_queue,False
batch:batch-233,status,rejected
batch:batch-234,batch_id,batch-234
batch:batch-234,cycle_time,71.0
batch:batch-234,queue_wait_time,0.0
batch:batch-234,processing_time,16.0
batch:batch-234,stages_count,3
batch:batch-234,completed,True
batch:batch-234,rejected,False
batch:batch-234,waited_in_queue,True
batch:batch-234,status,completed
batch:batch-235,batch_id,batch-235
batch:batch-235,cycle_time,4.0
batch:batch-235,queue_wait_time,0.0
batch:batch-235,processing_time,4.0
batch:batch-235,stages_count,3
batch:batch-235,completed,False
batch:batch-235,rejected,True
batch:batch-235,waited_in_queue,False
batch:batch-235,status,rejected
batch:batch-236,batch_id,batch-236
batch:batch-236,cycle_time,6.0
batch:batch-236,queue_wait_time,0.0
batch:batch-236,processing_time,4.0
batch:batch-236,stages_count,3
batch:batch-236,completed,False
batch:batch-236,rejected,True
batch:batch-236,waited_in_queue,False
batch:batch-236,status,rejected
batch:batch-237,batch_id,batch-237
batch:batch-237,cycle_time,74.0
batch:batch-237,queue_wait_time,0.0
batch:batch-237,processing_time,16.0
batch:batch-237,stages_count,3
batch:batch-237,completed,True
batch:batch-237,rejected,False
batch:batch-237,waited_in_queue,True
batch:batch-237,status,completed
batch:batch-238,batch_id,batch-238
batch:batch-238,cycle_time,10.0
batch:batch-238,queue_wait_time,3.0
batch:batch-238,processing_time,4.0
batch:batch-238,stages_count,3
batch:batch-238,completed,False
batch:batch-238,rejected,True
batch:batch-238,waited_in_queue,True
batch:batch-238,status,rejected
batch:batch-239,batch_id,batch-239
batch:batch-239,cycle_time,83.0
batch:batch-239,queue_wait_time,3.0
batch:batch-239,processing_time,16.0
batch:batch-239,stages_count,3
batch:batch-239,completed,True
batch:batch-239,rejected,False
batch:batch-239,waited_in_queue,True
batch:batch-239,status,completed
batch:batch-240,batch_id,batch-240
batch:batch-240,cycle_time,9.0
batch:batch-240,queue_wait_time,2.0
batch:batch-240,processing_time,4.0
batch:batch-240,stages_count,3
batch:batch-240,completed,False
batch:batch-240,rejected,True
batch:batch-240,waited_in_queue,True
batch:batch-240,status,rejected
batch:batch-241,batch_id,batch-241
batch:batch-241,cycle_time,7.0
batch:batch-241,queue_wait_time,2.0
batch:batch-241,processing_time,4.0
batch:batch-241,stages_count,3
batch:batch-241,completed,False
batch:batch-241,rejected,True
batch:batch-241,waited_in_queue,True
batch:batch-241,status,rejected
batch:batch-242,batch_id,batch-242
batch:batch-242,cycle_time,83.0
batch:batch-242,queue_wait_time,0.0
batch:batch-242,processing_time,16.0
batch:batch-242,stages_count,3
batch:batch-242,completed,True
batch:batch-242,rejected,False
batch:batch-242,waited_in_queue,True
batch:batch-242,status,completed
batch:batch-243,batch_id,batch-243
batch:batch-243,cycle_time,8.0
batch:batch-243,queue_wait_time,4.0
batch:batch-243,processing_time,4.0
batch:batch-243,stages_count,3
batch:batch-243,completed,False
batch:batch-243,rejected,True
batch:batch-243,waited_in_queue,True
batch:batch-243,status,rejected
batch:batch-244,batch_id,batch-244
batch:batch-244,cycle_time,9.0
batch:batch-244,queue_wait_time,2.0
batch:batch-244,processing_time,4.0
batch:batch-244,stages_count,3
batch:batch-244,completed,False
batch:batch-244,rejected,True
batch:batch-244,waited_in_queue,True
batch:batch-244,status,rejected
batch:batch-245,batch_id,batch-245
batch:batch-245,cycle_time,7.0
batch:batch-245,queue_wait_time,2.0
batch:batch-245,processing_time,4.0
batch:batch-245,stages_count,3
batch:batch-245,completed,False
batch:batch-245,rejected,True
batch:batch-245,waited_in_queue,True
batch:batch-245,status,rejected
batch:batch-246,batch_id,batch-246
batch:batch-246,cycle_time,82.0
batch:batch-246,queue_wait_time,1.0
batch:batch-246,processing_time,16.0
batch:batch-246,stages_count,3
batch:batch-246,completed,False
batch:batch-246,rejected,True
batch:batch-246,waited_in_queue,True
batch:batch-246,status,rejected
batch:batch-247,batch_id,batch-247
batch:batch-247,cycle_time,5.0
batch:batch-247,queue_wait_time,0.0
batch:batch-247,processing_time,4.0
batch:batch-247,stages_count,3
batch:batch-247,completed,False
batch:batch-247,rejected,True
batch:batch-247,waited_in_queue,False
batch:batch-247,status,rejected
batch:batch-248,batch_id,batch-248
batch:batch-248,cycle_time,4.0
batch:batch-248,queue_wait_time,0.0
batch:batch-248,processing_time,4.0
batch:batch-248,stages_count,3
batch:batch-248,completed,False
batch:batch-248,rejected,True
batch:batch-248,waited_in_queue,False
batch:batch-248,status,rejected
batch:batch-249,batch_id,batch-249
batch:batch-249,cycle_time,7.0
batch:batch-249,queue_wait_time,0.0
batch:batch-249,processing_time,4.0
batch:batch-249,stages_count,3
batch:batch-249,completed,False
batch:batch-249,rejected,True
batch:batch-249,waited_in_queue,False
batch:batch-249,status,rejected
batch:batch-250,batch_id,batch-250
batch:batch-250,cycle_time,6.0
batch:batch-250,queue_wait_time,1.0
batch:batch-250,processing_time,4.0
batch:batch-250,stages_count,3
batch:batch-250,completed,False
batch:batch-250,rejected,True
batch:batch-250,waited_in_queue,True
batch:batch-250,status,rejected
batch:batch-251,batch_id,batch-251
batch:batch-251,cycle_time,79.0
batch:batch-251,queue_wait_time,0.0
batch:batch-251,processing_time,16.0
batch:batch-251,stages_count,3
batch:batch-251,completed,True
batch:batch-251,rejected,False
batch:batch-251,waited_in_queue,True
batch:batch-251,status,completed
batch:batch-252,batch_id,batch-252
batch:batch-252,cycle_time,5.0
batch:batch-252,queue_wait_time,0.0
batch:batch-252,processing_time,4.0
batch:batch-252,stages_count,3
batch:batch-252,completed,False
batch:batch-252,rejected,True
batch:batch-252,waited_in_queue,False
batch:batch-252,status,rejected
batch:batch-253,batch_id,batch-253
batch:batch-253,cycle_time,5.0
batch:batch-253,queue_wait_time,0.0
batch:batch-253,processing_time,4.0
batch:batch-253,stages_count,3
batch:batch-253,completed,False
batch:batch-253,rejected,True
batch:batch-253,waited_in_queue,False
batch:batch-253,status,rejected
batch:batch-254,batch_id,batch-254
batch:batch-254,cycle_time,88.0
batch:batch-254,queue_wait_time,0.0
batch:batch-254,processing_time,16.0
batch:batch-254,stages_count,3
batch:batch-254,completed,True
batch:batch-254,rejected,False
batch:batch-254,waited_in_queue,True
batch:batch-254,status,completed
batch:batch-255,batch_id,batch-255
batch:batch-255,cycle_time,5.0
batch:batch-255,queue_wait_time,1.0
batch:batch-255,processing_time,4.0
batch:batch-255,stages_count,3
batch:batch-255,completed,False
batch:batch-255,rejected,True
batch:batch-255,waited_in_queue,True
batch:batch-255,status,rejected
batch:batch-256,batch_id,batch-256
batch:batch-256,cycle_time,7.0
batch:batch-256,queue_wait_time,0.0
batch:batch-256,processing_time,4.0
batch:batch-256,stages_count,3
batch:batch-256,completed,False
batch:batch-256,rejected,True
batch:batch-256,waited_in_queue,False
batch:batch-256,status,rejected
batch:batch-257,batch_id,batch-257
batch:batch-257,cycle_time,7.0
batch:batch-257,queue_wait_time,1.0
batch:batch-257,processing_time,4.0
batch:batch-257,stages_count,3
batch:batch-257,completed,False
batch:batch-257,rejected,True
batch:batch-257,waited_in_queue,True
batch:batch-257,status,rejected
batch:batch-258,batch_id,batch-258
batch:batch-258,cycle_time,85.0
batch:batch-258,queue_wait_time,1.0
batch:batch-258,processing_time,16.0
batch:batch-258,stages_count,3
batch:batch-258,completed,True
batch:batch-258,rejected,False
batch:batch-258,waited_in_queue,True
batch:batch-258,status,completed
batch:batch-259,batch_id,batch-259
batch:batch-259,cycle_time,93.0
batch:batch-259,queue_wait_time,0.0
batch:batch-259,processing_time,16.0
batch:batch-259,stages_count,3
batch:batch-259,completed,True
batch:batch-259,rejected,False
batch:batch-259,waited_in_queue,True
batch:batch-259,status,completed
batch:batch-260,batch_id,batch-260
batch:batch-260,cycle_time,14.0
batch:batch-260,queue_wait_time,9.0
batch:batch-260,processing_time,4.0
batch:batch-260,stages_count,3
batch:batch-260,completed,False
batch:batch-260,rejected,True
batch:batch-260,waited_in_queue,True
batch:batch-260,status,rejected
batch:batch-261,batch_id,batch-261
batch:batch-261,cycle_time,12.0
batch:batch-261,queue_wait_time,8.0
batch:batch-261,processing_time,4.0
batch:batch-261,stages_count,3
batch:batch-261,completed,False
batch:batch-261,rejected,True
batch:batch-261,waited_in_queue,True
batch:batch-261,status,rejected
batch:batch-262,batch_id,batch-262
batch:batch-262,cycle_time,11.0
batch:batch-262,queue_wait_time,5.0
batch:batch-262,processing_time,4.0
batch:batch-262,stages_count,3
batch:batch-262,completed,False
batch:batch-262,rejected,True
batch:batch-262,waited_in_queue,True
batch:batch-262,status,rejected
batch:batch-263,batch_id,batch-263
batch:batch-263,cycle_time,9.0
batch:batch-263,queue_wait_time,4.0
batch:batch-263,processing_time,4.0
batch:batch-263,stages_count,3
batch:batch-263,completed,False
batch:batch-263,rejected,True
batch:batch-263,waited_in_queue,True
batch:batch-263,status,rejected
batch:batch-264,batch_id,batch-264
batch:batch-264,cycle_time,7.0
batch:batch-264,queue_wait_time,3.0
batch:batch-264,processing_time,4.0
batch:batch-264,stages_count,3
batch:batch-264,completed,False
batch:batch-264,rejected,True
batch:batch-264,waited_in_queue,True
batch:batch-264,status,rejected
batch:batch-265,batch_id,batch-265
batch:batch-265,cycle_time,87.0
batch:batch-265,queue_wait_time,1.0
batch:batch-265,processing_time,16.0
batch:batch-265,stages_count,3
batch:batch-265,completed,True
batch:batch-265,rejected,False
batch:batch-265,waited_in_queue,True
batch:batch-265,status,completed
batch:batch-266,batch_id,batch-266
batch:batch-266,cycle_time,6.0
batch:batch-266,queue_wait_time,0.0
batch:batch-266,processing_time,4.0
batch:batch-266,stages_count,3
batch:batch-266,completed,False
batch:batch-266,rejected,True
batch:batch-266,waited_in_queue,False
batch:batch-266,status,rejected
batch:batch-267,batch_id,batch-267
batch:batch-267,cycle_time,7.0
batch:batch-267,queue_wait_time,0.0
batch:batch-267,processing_time,4.0
batch:batch-267,stages_count,3
batch:batch-267,completed,False
batch:batch-267,rejected,True
batch:batch-267,waited_in_queue,False
batch:batch-267,status,rejected
batch:batch-268,batch_id,batch-268
batch:batch-268,cycle_time,6.0
batch:batch-268,queue_wait_time,1.0
batch:batch-268,processing_time,4.0
batch:batch-268,stages_count,3
batch:batch-268,completed,False
batch:batch-268,rejected,True
batch:batch-268,waited_in_queue,True
batch:batch-268,status,rejected
batch:batch-269,batch_id,batch-269
batch:batch-269,cycle_time,6.0
batch:batch-269,queue_wait_time,0.0
batch:batch-269,processing_time,4.0
batch:batch-269,stages_count,3
batch:batch-269,completed,False
batch:batch-269,rejected,True
batch:batch-269,waited_in_queue,False
batch:batch-269,status,rejected
batch:batch-270,batch_id,batch-270
batch:batch-270,cycle_time,79.0
batch:batch-270,queue_wait_time,0.0
batch:batch-270,processing_time,16.0
batch:batch-270,stages_count,3
batch:batch-270,completed,True
batch:batch-270,rejected,False
batch:batch-270,waited_in_queue,True
batch:batch-270,status,completed
batch:batch-271,batch_id,batch-271
batch:batch-271,cycle_time,6.0
batch:batch-271,queue_wait_time,0.0
batch:batch-271,processing_time,4.0
batch:batch-271,stages_count,3
batch:batch-271,completed,False
batch:batch-271,rejected,True
batch:batch-271,waited_in_queue,False
batch:batch-271,status,rejected
batch:batch-272,batch_id,batch-272
batch:batch-272,cycle_time,9.0
batch:batch-272,queue_wait_time,0.0
batch:batch-272,processing_time,4.0
batch:batch-272,stages_count,3
batch:batch-272,completed,False
batch:batch-272,rejected,True
batch:batch-272,waited_in_queue,False
batch:batch-272,status,rejected
batch:batch-273,batch_id,batch-273
batch:batch-273,cycle_time,7.0
batch:batch-273,queue_wait_time,3.0
batch:batch-273,processing_time,4.0
batch:batch-273,stages_count,3
batch:batch-273,completed,False
batch:batch-273,rejected,True
batch:batch-273,waited_in_queue,True
batch:batch-273,status,rejected
batch:batch-274,batch_id,batch-274
batch:batch-274,cycle_time,6.0
batch:batch-274,queue_wait_time,0.0
batch:batch-274,processing_time,4.0
batch:batch-274,stages_count,3
batch:batch-274,completed,False
batch:batch-274,rejected,True
batch:batch-274,waited_in_queue,False
batch:batch-274,status,rejected
batch:batch-275,batch_id,batch-275
batch:batch-275,cycle_time,10.0
batch:batch-275,queue_wait_time,0.0
batch:batch-275,processing_time,4.0
batch:batch-275,stages_count,3
batch:batch-275,completed,False
batch:batch-275,rejected,True
batch:batch-275,waited_in_queue,False
batch:batch-275,status,rejected
batch:batch-276,batch_id,batch-276
batch:batch-276,cycle_time,71.0
batch:batch-276,queue_wait_time,0.0
batch:batch-276,processing_time,16.0
batch:batch-276,stages_count,3
batch:batch-276,completed,False
batch:batch-276,rejected,True
batch:batch-276,waited_in_queue,True
batch:batch-276,status,rejected
batch:batch-277,batch_id,batch-277
batch:batch-277,cycle_time,8.0
batch:batch-277,queue_wait_time,2.0
batch:batch-277,processing_time,4.0
batch:batch-277,stages_count,3
batch:batch-277,completed,False
batch:batch-277,rejected,True
batch:batch-277,waited_in_queue,True
batch:batch-277,status,rejected
batch:batch-278,batch_id,batch-278
batch:batch-278,cycle_time,76.0
batch:batch-278,queue_wait_time,1.0
batch:batch-278,processing_time,16.0
batch:batch-278,stages_count,3
batch:batch-278,completed,True
batch:batch-278,rejected,False
batch:batch-278,waited_in_queue,True
batch:batch-278,status,completed
batch:batch-279,batch_id,batch-279
batch:batch-279,cycle_time,8.0
batch:batch-279,queue_wait_time,3.0
batch:batch-279,processing_time,4.0
batch:batch-279,stages_count,3
batch:batch-279,completed,False
batch:batch-279,rejected,True
batch:batch-279,waited_in_queue,True
batch:batch-279,status,rejected
batch:batch-280,batch_id,batch-280
batch:batch-280,cycle_time,7.0
batch:batch-280,queue_wait_time,2.0
batch:batch-280,processing_time,4.0
batch:batch-280,stages_count,3
batch:batch-280,completed,False
batch:batch-280,rejected,True
batch:batch-280,waited_in_queue,True
batch:batch-280,status,rejected
batch:batch-281,batch_id,batch-281
batch:batch-281,cycle_time,79.0
batch:batch-281,queue_wait_time,0.0
batch:batch-281,processing_time,16.0
batch:batch-281,stages_count,3
batch:batch-281,completed,True
batch:batch-281,rejected,False
batch:batch-281,waited_in_queue,True
batch:batch-281,status,completed
batch:batch-282,batch_id,batch-282
batch:batch-282,cycle_time,9.0
batch:batch-282,queue_wait_time,4.0
batch:batch-282,processing_time,4.0
batch:batch-282,stages_count,3
batch:batch-282,completed,False
batch:batch-282,rejected,True
batch:batch-282,waited_in_queue,True
batch:batch-282,status,rejected
batch:batch-283,batch_id,batch-283
batch:batch-283,cycle_time,7.0
batch:batch-283,queue_wait_time,3.0
batch:batch-283,processing_time,4.0
batch:batch-283,stages_count,3
batch:batch-283,completed,False
batch:batch-283,rejected,True
batch:batch-283,waited_in_queue,True
batch:batch-283,status,rejected
batch:batch-284,batch_id,batch-284
batch:batch-284,cycle_time,5.0
batch:batch-284,queue_wait_time,0.0
batch:batch-284,processing_time,4.0
batch:batch-284,stages_count,3
batch:batch-284,completed,False
batch:batch-284,rejected,True
batch:batch-284,waited_in_queue,False
batch:batch-284,status,rejected
batch:batch-285,batch_id,batch-285
batch:batch-285,cycle_time,78.0
batch:batch-285,queue_wait_time,0.0
batch:batch-285,processing_time,16.0
batch:batch-285,stages_count,3
batch:batch-285,completed,True
batch:batch-285,rejected,False
batch:batch-285,waited_in_queue,True
batch:batch-285,status,completed
batch:batch-286,batch_id,batch-286
batch:batch-286,cycle_time,13.0
batch:batch-286,queue_wait_time,5.0
batch:batch-286,processing_time,4.0
batch:batch-286,stages_count,3
batch:batch-286,completed,False
batch:batch-286,rejected,True
batch:batch-286,waited_in_queue,True
batch:batch-286,status,rejected
batch:batch-287,batch_id,batch-287
batch:batch-287,cycle_time,83.0
batch:batch-287,queue_wait_time,7.0
batch:batch-287,processing_time,16.0
batch:batch-287,stages_count,3
batch:batch-287,completed,True
batch:batch-287,rejected,False
batch:batch-287,waited_in_queue,True
batch:batch-287,status,completed
batch:batch-288,batch_id,batch-288
batch:batch-288,cycle_time,12.0
batch:batch-288,queue_wait_time,7.0
batch:batch-288,processing_time,4.0
batch:batch-288,stages_count,3
batch:batch-288,completed,False
batch:batch-288,rejected,True
batch:batch-288,waited_in_queue,True
batch:batch-288,status,rejected
batch:batch-289,batch_id,batch-289
batch:batch-289,cycle_time,10.0
batch:batch-289,queue_wait_time,4.0
batch:batch-289,processing_time,4.0
batch:batch-289,stages_count,3
batch:batch-289,completed,False
batch:batch-289,rejected,True
batch:batch-289,waited_in_queue,True
batch:batch-289,status,rejected
batch:batch-290,batch_id,batch-290
batch:batch-290,cycle_time,8.0
batch:batch-290,queue_wait_time,3.0
batch:batch-290,processing_time,4.0
batch:batch-290,stages_count,3
batch:batch-290,completed,False
batch:batch-290,rejected,True
batch:batch-290,waited_in_queue,True
batch:batch-290,status,rejected
batch:batch-291,batch_id,batch-291
batch:batch-291,cycle_time,9.0
batch:batch-291,queue_wait_time,0.0
batch:batch-291,processing_time,4.0
batch:batch-291,stages_count,3
batch:batch-291,completed,False
batch:batch-291,rejected,True
batch:batch-291,waited_in_queue,False
batch:batch-291,status,rejected
batch:batch-292,batch_id,batch-292
batch:batch-292,cycle_time,77.0
batch:batch-292,queue_wait_time,3.0
batch:batch-292,processing_time,16.0
batch:batch-292,stages_count,3
batch:batch-292,completed,True
batch:batch-292,rejected,False
batch:batch-292,waited_in_queue,True
batch:batch-292,status,completed
batch:batch-293,batch_id,batch-293
batch:batch-293,cycle_time,9.0
batch:batch-293,queue_wait_time,5.0
batch:batch-293,processing_time,4.0
batch:batch-293,stages_count,3
batch:batch-293,completed,False
batch:batch-293,rejected,True
batch:batch-293,waited_in_queue,True
batch:batch-293,status,rejected
batch:batch-294,batch_id,batch-294
batch:batch-294,cycle_time,9.0
batch:batch-294,queue_wait_time,3.0
batch:batch-294,processing_time,4.0
batch:batch-294,stages_count,3
batch:batch-294,completed,False
batch:batch-294,rejected,True
batch:batch-294,waited_in_queue,True
batch:batch-294,status,rejected
batch:batch-295,batch_id,batch-295
batch:batch-295,cycle_time,7.0
batch:batch-295,queue_wait_time,1.0
batch:batch-295,processing_time,4.0
batch:batch-295,stages_count,3
batch:batch-295,completed,False
batch:batch-295,rejected,True
batch:batch-295,waited_in_queue,True
batch:batch-295,status,rejected
batch:batch-296,batch_id,batch-296
batch:batch-296,cycle_time,74.0
batch:batch-296,queue_wait_time,1.0
batch:batch-296,processing_time,16.0
batch:batch-296,stages_count,3
batch:batch-296,completed,True
batch:batch-296,rejected,False
batch:batch-296,waited_in_queue,True
batch:batch-296,status,completed
batch:batch-297,batch_id,batch-297
batch:batch-297,cycle_time,4.0
batch:batch-297,queue_wait_time,0.0
batch:batch-297,processing_time,4.0
batch:batch-297,stages_count,3
batch:batch-297,completed,False
batch:batch-297,rejected,True
batch:batch-297,waited_in_queue,False
batch:batch-297,status,rejected
batch:batch-298,batch_id,batch-298
batch:batch-298,cycle_time,4.0
batch:batch-298,queue_wait_time,0.0
batch:batch-298,processing_time,4.0
batch:batch-298,stages_count,3
batch:batch-298,completed,False
batch:batch-298,rejected,True
batch:batch-298,waited_in_queue,False
batch:batch-298,status,rejected
batch:batch-299,batch_id,batch-299
batch:batch-299,cycle_time,76.0
batch:batch-299,queue_wait_time,0.0
batch:batch-299,processing_time,16.0
batch:batch-299,stages_count,3
batch:batch-299,completed,True
batch:batch-299,rejected,False
batch:batch-299,waited_in_queue,True
batch:batch-299,status,completed
batch:batch-300,batch_id,batch-300
batch:batch-300,cycle_time,7.0
batch:batch-300,queue_wait_time,0.0
batch:batch-300,processing_time,4.0
batch:batch-300,stages_count,3
batch:batch-300,completed,False
batch:batch-300,rejected,True
batch:batch-300,waited_in_queue,False
batch:batch-300,status,rejected
batch:batch-301,batch_id,batch-301
batch:batch-301,cycle_time,6.0
batch:batch-301,queue_wait_time,0.0
batch:batch-301,processing_time,4.0
batch:batch-301,stages_count,3
batch:batch-301,completed,False
batch:batch-301,rejected,True
batch:batch-301,waited_in_queue,False
batch:batch-301,status,rejected
batch:batch-302,batch_id,batch-302
batch:batch-302,cycle_time,5.0
batch:batch-302,queue_wait_time,0.0
batch:batch-302,processing_time,4.0
batch:batch-302,stages_count,3
batch:batch-302,completed,False
batch:batch-302,rejected,True
batch:batch-302,waited_in_queue,False
batch:batch-302,status,rejected
batch:batch-303,batch_id,batch-303
batch:batch-303,cycle_time,4.0
batch:batch-303,queue_wait_time,0.0
batch:batch-303,processing_time,4.0
batch:batch-303,stages_count,3
batch:batch-303,completed,False
batch:batch-303,rejected,True
batch:batch-303,waited_in_queue,False
batch:batch-303,status,rejected
batch:batch-304,batch_id,batch-304
batch:batch-304,cycle_time,68.0
batch:batch-304,queue_wait_time,0.0
batch:batch-304,processing_time,16.0
batch:batch-304,stages_count,3
batch:batch-304,completed,True
batch:batch-304,rejected,False
batch:batch-304,waited_in_queue,True
batch:batch-304,status,completed
batch:batch-305,batch_id,batch-305
batch:batch-305,cycle_time,7.0
batch:batch-305,queue_wait_time,0.0
batch:batch-305,processing_time,4.0
batch:batch-305,stages_count,3
batch:batch-305,completed,False
batch:batch-305,rejected,True
batch:batch-305,waited_in_queue,False
batch:batch-305,status,rejected
batch:batch-306,batch_id,batch-306
batch:batch-306,cycle_time,5.0
batch:batch-306,queue_wait_time,1.0
batch:batch-306,processing_time,4.0
batch:batch-306,stages_count,3
batch:batch-306,completed,False
batch:batch-306,rejected,True
batch:batch-306,waited_in_queue,True
batch:batch-306,status,rejected
batch:batch-307,batch_id,batch-307
batch:batch-307,cycle_time,68.0
batch:batch-307,queue_wait_time,0.0
batch:batch-307,processing_time,16.0
batch:batch-307,stages_count,3
batch:batch-307,completed,True
batch:batch-307,rejected,False
batch:batch-307,waited_in_queue,True
batch:batch-307,status,completed
batch:batch-308,batch_id,batch-308
batch:batch-308,cycle_time,6.0
batch:batch-308,queue_wait_time,1.0
batch:batch-308,processing_time,4.0
batch:batch-308,stages_count,3
batch:batch-308,completed,False
batch:batch-308,rejected,True
batch:batch-308,waited_in_queue,True
batch:batch-308,status,rejected
batch:batch-309,batch_id,batch-309
batch:batch-309,cycle_time,6.0
batch:batch-309,queue_wait_time,0.0
batch:batch-309,processing_time,4.0
batch:batch-309,stages_count,3
batch:batch-309,completed,False
batch:batch-309,rejected,True
batch:batch-309,waited_in_queue,False
batch:batch-309,status,rejected
batch:batch-310,batch_id,batch-310
batch:batch-310,cycle_time,68.0
batch:batch-310,queue_wait_time,0.0
batch:batch-310,processing_time,16.0
batch:batch-310,stages_count,3
batch:batch-310,completed,True
batch:batch-310,rejected,False
batch:batch-310,waited_in_queue,True
batch:batch-310,status,completed
batch:batch-311,batch_id,batch-311
batch:batch-311,cycle_time,6.0
batch:batch-311,queue_wait_time,1.0
batch:batch-311,processing_time,4.0
batch:batch-311,stages_count,3
batch:batch-311,completed,False
batch:batch-311,rejected,True
batch:batch-311,waited_in_queue,True
batch:batch-311,status,rejected
batch:batch-312,batch_id,batch-312
batch:batch-312,cycle_time,6.0
batch:batch-312,queue_wait_time,0.0
batch:batch-312,processing_time,4.0
batch:batch-312,stages_count,3
batch:batch-312,completed,False
batch:batch-312,rejected,True
batch:batch-312,waited_in_queue,False
batch:batch-312,status,rejected
batch:batch-313,batch_id,batch-313
batch:batch-313,cycle_time,5.0
batch:batch-313,queue_wait_time,0.0
batch:batch-313,processing_time,4.0
batch:batch-313,stages_count,3
batch:batch-313,completed,False
batch:batch-313,rejected,True
batch:batch-313,waited_in_queue,False
batch:batch-313,status,rejected
batch:batch-314,batch_id,batch-314
batch:batch-314,cycle_time,64.0
batch:batch-314,queue_wait_time,0.0
batch:batch-314,processing_time,16.0
batch:batch-314,stages_count,3
batch:batch-314,completed,True
batch:batch-314,rejected,False
batch:batch-314,waited_in_queue,True
batch:batch-314,status,completed
batch:batch-315,batch_id,batch-315
batch:batch-315,cycle_time,5.0
batch:batch-315,queue_wait_time,0.0
batch:batch-315,processing_time,4.0
batch:batch-315,stages_count,3
batch:batch-315,completed,False
batch:batch-315,rejected,True
batch:batch-315,waited_in_queue,False
batch:batch-315,status,rejected
batch:batch-316,batch_id,batch-316
batch:batch-316,cycle_time,5.0
batch:batch-316,queue_wait_time,0.0
batch:batch-316,processing_time,4.0
batch:batch-316,stages_count,3
batch:batch-316,completed,False
batch:batch-316,rejected,True
batch:batch-316,waited_in_queue,False
batch:batch-316,status,rejected
batch:batch-317,batch_id,batch-317
batch:batch-317,cycle_time,65.0
batch:batch-317,queue_wait_time,0.0
batch:batch-317,processing_time,16.0
batch:batch-317,stages_count,3
batch:batch-317,completed,True
batch:batch-317,rejected,False
batch:batch-317,waited_in_queue,True
batch:batch-317,status,completed
batch:batch-318,batch_id,batch-318
batch:batch-318,cycle_time,7.0
batch:batch-318,queue_wait_time,0.0
batch:batch-318,processing_time,4.0
batch:batch-318,stages_count,3
batch:batch-318,completed,False
batch:batch-318,rejected,True
batch:batch-318,waited_in_queue,False
batch:batch-318,status,rejected
batch:batch-319,batch_id,batch-319
batch:batch-319,cycle_time,69.0
batch:batch-319,queue_wait_time,1.0
batch:batch-319,processing_time,16.0
batch:batch-319,stages_count,3
batch:batch-319,completed,True
batch:batch-319,rejected,False
batch:batch-319,waited_in_queue,True
batch:batch-319,status,completed
batch:batch-320,batch_id,batch-320
batch:batch-320,cycle_time,6.0
batch:batch-320,queue_wait_time,2.0
batch:batch-320,processing_time,4.0
batch:batch-320,stages_count,3
batch:batch-320,completed,False
batch:batch-320,rejected,True
batch:batch-320,waited_in_queue,True
batch:batch-320,status,rejected
batch:batch-321,batch_id,batch-321
batch:batch-321,cycle_time,5.0
batch:batch-321,queue_wait_time,0.0
batch:batch-321,processing_time,4.0
batch:batch-321,stages_count,3
batch:batch-321,completed,False
batch:batch-321,rejected,True
batch:batch-321,waited_in_queue,False
batch:batch-321,status,rejected
batch:batch-322,batch_id,batch-322
batch:batch-322,cycle_time,5.0
batch:batch-322,queue_wait_time,0.0
batch:batch-322,processing_time,4.0
batch:batch-322,stages_count,3
batch:batch-322,completed,False
batch:batch-322,rejected,True
batch:batch-322,waited_in_queue,False
batch:batch-322,status,rejected
batch:batch-323,batch_id,batch-323
batch:batch-323,cycle_time,67.0
batch:batch-323,queue_wait_time,0.0
batch:batch-323,processing_time,16.0
batch:batch-323,stages_count,3
batch:batch-323,completed,True
batch:batch-323,rejected,False
batch:batch-323,waited_in_queue,True
batch:batch-323,status,completed
batch:batch-324,batch_id,batch-324
batch:batch-324,cycle_time,6.0
batch:batch-324,queue_wait_time,0.0
batch:batch-324,processing_time,4.0
batch:batch-324,stages_count,3
batch:batch-324,completed,False
batch:batch-324,rejected,True
batch:batch-324,waited_in_queue,False
batch:batch-324,status,rejected
batch:batch-325,batch_id,batch-325
batch:batch-325,cycle_time,71.0
batch:batch-325,queue_wait_time,0.0
batch:batch-325,processing_time,16.0
batch:batch-325,stages_count,3
batch:batch-325,completed,True
batch:batch-325,rejected,False
batch:batch-325,waited_in_queue,True
batch:batch-325,status,completed
batch:batch-326,batch_id,batch-326
batch:batch-326,cycle_time,11.0
batch:batch-326,queue_wait_time,6.0
batch:batch-326,processing_time,4.0
batch:batch-326,stages_count,3
batch:batch-326,completed,False
batch:batch-326,rejected,True
batch:batch-326,waited_in_queue,True
batch:batch-326,status,rejected
batch:batch-327,batch_id,batch-327
batch:batch-327,cycle_time,9.0
batch:batch-327,queue_wait_time,4.0
batch:batch-327,processing_time,4.0
batch:batch-327,stages_count,3
batch:batch-327,completed,False
batch:batch-327,rejected,True
batch:batch-327,waited_in_queue,True
batch:batch-327,status,rejected
batch:batch-328,batch_id,batch-328
batch:batch-328,cycle_time,71.0
batch:batch-328,queue_wait_time,2.0
batch:batch-328,processing_time,16.0
batch:batch-328,stages_count,3
batch:batch-328,completed,True
batch:batch-328,rejected,False
batch:batch-328,waited_in_queue,True
batch:batch-328,status,completed
batch:batch-329,batch_id,batch-329
batch:batch-329,cycle_time,9.0
batch:batch-329,queue_wait_time,4.0
batch:batch-329,processing_time,4.0
batch:batch-329,stages_count,3
batch:batch-329,completed,False
batch:batch-329,rejected,True
batch:batch-329,waited_in_queue,True
batch:batch-329,status,rejected
batch:batch-330,batch_id,batch-330
batch:batch-330,cycle_time,7.0
batch:batch-330,queue_wait_time,3.0
batch:batch-330,processing_time,4.0
batch:batch-330,stages_count,3
batch:batch-330,completed,False
batch:batch-330,rejected,True
batch:batch-330,waited_in_queue,True
batch:batch-330,status,rejected
batch:batch-331,batch_id,batch-331
batch:batch-331,cycle_time,5.0
batch:batch-331,queue_wait_time,0.0
batch:batch-331,processing_time,4.0
batch:batch-331,stages_count,3
batch:batch-331,completed,False
batch:batch-331,rejected,True
batch:batch-331,waited_in_queue,False
batch:batch-331,status,rejected
batch:batch-332,batch_id,batch-332
batch:batch-332,cycle_time,69.0
batch:batch-332,queue_wait_time,0.0
batch:batch-332,processing_time,16.0
batch:batch-332,stages_count,3
batch:batch-332,completed,True
batch:batch-332,rejected,False
batch:batch-332,waited_in_queue,True
batch:batch-332,status,completed
batch:batch-333,batch_id,batch-333
batch:batch-333,cycle_time,5.0
batch:batch-333,queue_wait_time,1.0
batch:batch-333,processing_time,4.0
batch:batch-333,stages_count,3
batch:batch-333,completed,False
batch:batch-333,rejected,True
batch:batch-333,waited_in_queue,True
batch:batch-333,status,rejected
batch:batch-334,batch_id,batch-334
batch:batch-334,cycle_time,73.0
batch:batch-334,queue_wait_time,0.0
batch:batch-334,processing_time,16.0
batch:batch-334,stages_count,3
batch:batch-334,completed,True
batch:batch-334,rejected,False
batch:batch-334,waited_in_queue,True
batch:batch-334,status,completed
batch:batch-335,batch_id,batch-335
batch:batch-335,cycle_time,8.0
batch:batch-335,queue_wait_time,3.0
batch:batch-335,processing_time,4.0
batch:batch-335,stages_count,3
batch:batch-335,completed,False
batch:batch-335,rejected,True
batch:batch-335,waited_in_queue,True
batch:batch-335,status,rejected
batch:batch-336,batch_id,batch-336
batch:batch-336,cycle_time,8.0
batch:batch-336,queue_wait_time,1.0
batch:batch-336,processing_time,4.0
batch:batch-336,stages_count,3
batch:batch-336,completed,False
batch:batch-336,rejected,True
batch:batch-336,waited_in_queue,True
batch:batch-336,status,rejected
batch:batch-337,batch_id,batch-337
batch:batch-337,cycle_time,6.0
batch:batch-337,queue_wait_time,2.0
batch:batch-337,processing_time,4.0
batch:batch-337,stages_count,3
batch:batch-337,completed,False
batch:batch-337,rejected,True
batch:batch-337,waited_in_queue,True
batch:batch-337,status,rejected
batch:batch-338,batch_id,batch-338
batch:batch-338,cycle_time,70.0
batch:batch-338,queue_wait_time,0.0
batch:batch-338,processing_time,16.0
batch:batch-338,stages_count,3
batch:batch-338,completed,True
batch:batch-338,rejected,False
batch:batch-338,waited_in_queue,True
batch:batch-338,status,completed
batch:batch-339,batch_id,batch-339
batch:batch-339,cycle_time,6.0
batch:batch-339,queue_wait_time,1.0
batch:batch-339,processing_time,4.0
batch:batch-339,stages_count,3
batch:batch-339,completed,False
batch:batch-339,rejected,True
batch:batch-339,waited_in_queue,True
batch:batch-339,status,rejected
batch:batch-340,batch_id,batch-340
batch:batch-340,cycle_time,6.0
batch:batch-340,queue_wait_time,0.0
batch:batch-340,processing_time,4.0
batch:batch-340,stages_count,3
batch:batch-340,completed,False
batch:batch-340,rejected,True
batch:batch-340,waited_in_queue,False
batch:batch-340,status,rejected
batch:batch-341,batch_id,batch-341
batch:batch-341,cycle_time,71.0
batch:batch-341,queue_wait_time,0.0
batch:batch-341,processing_time,16.0
batch:batch-341,stages_count,3
batch:batch-341,completed,True
batch:batch-341,rejected,False
batch:batch-341,waited_in_queue,True
batch:batch-341,status,completed
batch:batch-342,batch_id,batch-342
batch:batch-342,cycle_time,6.0
batch:batch-342,queue_wait_time,2.0
batch:batch-342,processing_time,4.0
batch:batch-342,stages_count,3
batch:batch-342,completed,False
batch:batch-342,rejected,True
batch:batch-342,waited_in_queue,True
batch:batch-342,status,rejected
batch:batch-343,batch_id,batch-343
batch:batch-343,cycle_time,5.0
batch:batch-343,queue_wait_time,0.0
batch:batch-343,processing_time,4.0
batch:batch-343,stages_count,3
batch:batch-343,completed,False
batch:batch-343,rejected,True
batch:batch-343,waited_in_queue,False
batch:batch-343,status,rejected
batch:batch-344,batch_id,batch-344
batch:batch-344,cycle_time,71.0
batch:batch-344,queue_wait_time,0.0
batch:batch-344,processing_time,16.0
batch:batch-344,stages_count,3
batch:batch-344,completed,True
batch:batch-344,rejected,False
batch:batch-344,waited_in_queue,True
batch:batch-344,status,completed
batch:batch-345,batch_id,batch-345
batch:batch-345,cycle_time,14.0
batch:batch-345,queue_wait_time,8.0
batch:batch-345,processing_time,4.0
batch:batch-345,stages_count,3
batch:batch-345,completed,False
batch:batch-345,rejected,True
batch:batch-345,waited_in_queue,True
batch:batch-345,status,rejected
batch:batch-346,batch_id,batch-346
batch:batch-346,cycle_time,12.0
batch:batch-346,queue_wait_time,8.0
batch:batch-346,processing_time,4.0
batch:batch-346,stages_count,3
batch:batch-346,completed,False
batch:batch-346,rejected,True
batch:batch-346,waited_in_queue,True
batch:batch-346,status,rejected
batch:batch-347,batch_id,batch-347
batch:batch-347,cycle_time,71.0
batch:batch-347,queue_wait_time,6.0
batch:batch-347,processing_time,16.0
batch:batch-347,stages_count,3
batch:batch-347,completed,True
batch:batch-347,rejected,False
batch:batch-347,waited_in_queue,True
batch:batch-347,status,completed
batch:batch-348,batch_id,batch-348
batch:batch-348,cycle_time,14.0
batch:batch-348,queue_wait_time,7.0
batch:batch-348,processing_time,4.0
batch:batch-348,stages_count,3
batch:batch-348,completed,False
batch:batch-348,rejected,True
batch:batch-348,waited_in_queue,True
batch:batch-348,status,rejected
batch:batch-349,batch_id,batch-349
batch:batch-349,cycle_time,75.0
batch:batch-349,queue_wait_time,7.0
batch:batch-349,processing_time,16.0
batch:batch-349,stages_count,3
batch:batch-349,completed,True
batch:batch-349,rejected,False
batch:batch-349,waited_in_queue,True
batch:batch-349,status,completed
batch:batch-350,batch_id,batch-350
batch:batch-350,cycle_time,12.0
batch:batch-350,queue_wait_time,6.0
batch:batch-350,processing_time,4.0
batch:batch-350,stages_count,3
batch:batch-350,completed,False
batch:batch-350,rejected,True
batch:batch-350,waited_in_queue,True
batch:batch-350,status,rejected
batch:batch-351,batch_id,batch-351
batch:batch-351,cycle_time,15.0
batch:batch-351,queue_wait_time,6.0
batch:batch-351,processing_time,4.0
batch:batch-351,stages_count,3
batch:batch-351,completed,False
batch:batch-351,rejected,True
batch:batch-351,waited_in_queue,True
batch:batch-351,status,rejected
batch:batch-352,batch_id,batch-352
batch:batch-352,cycle_time,13.0
batch:batch-352,queue_wait_time,7.0
batch:batch-352,processing_time,4.0
batch:batch-352,stages_count,3
batch:batch-352,completed,False
batch:batch-352,rejected,True
batch:batch-352,waited_in_queue,True
batch:batch-352,status,rejected
batch:batch-353,batch_id,batch-353
batch:batch-353,cycle_time,72.0
batch:batch-353,queue_wait_time,6.0
batch:batch-353,processing_time,16.0
batch:batch-353,stages_count,3
batch:batch-353,completed,True
batch:batch-353,rejected,False
batch:batch-353,waited_in_queue,True
batch:batch-353,status,completed
batch:batch-354,batch_id,batch-354
batch:batch-354,cycle_time,13.0
batch:batch-354,queue_wait_time,7.0
batch:batch-354,processing_time,4.0
batch:batch-354,stages_count,3
batch:batch-354,completed,False
batch:batch-354,rejected,True
batch:batch-354,waited_in_queue,True
batch:batch-354,status,rejected
batch:batch-355,batch_id,batch-355
batch:batch-355,cycle_time,11.0
batch:batch-355,queue_wait_time,6.0
batch:batch-355,processing_time,4.0
batch:batch-355,stages_count,3
batch:batch-355,completed,False
batch:batch-355,rejected,True
batch:batch-355,waited_in_queue,True
batch:batch-355,status,rejected
batch:batch-356,batch_id,batch-356
batch:batch-356,cycle_time,73.0
batch:batch-356,queue_wait_time,5.0
batch:batch-356,processing_time,16.0
batch:batch-356,stages_count,3
batch:batch-356,completed,True
batch:batch-356,rejected,False
batch:batch-356,waited_in_queue,True
batch:batch-356,status,completed
batch:batch-357,batch_id,batch-357
batch:batch-357,cycle_time,17.0
batch:batch-357,queue_wait_time,5.0
batch:batch-357,processing_time,4.0
batch:batch-357,stages_count,3
batch:batch-357,completed,False
batch:batch-357,rejected,True
batch:batch-357,waited_in_queue,True
batch:batch-357,status,rejected
batch:batch-358,batch_id,batch-358
batch:batch-358,cycle_time,78.0
batch:batch-358,queue_wait_time,11.0
batch:batch-358,processing_time,16.0
batch:batch-358,stages_count,3
batch:batch-358,completed,True
batch:batch-358,rejected,False
batch:batch-358,waited_in_queue,True
batch:batch-358,status,completed
batch:batch-359,batch_id,batch-359
batch:batch-359,cycle_time,16.0
batch:batch-359,queue_wait_time,9.0
batch:batch-359,processing_time,4.0
batch:batch-359,stages_count,3
batch:batch-359,completed,False
batch:batch-359,rejected,True
batch:batch-359,waited_in_queue,True
batch:batch-359,status,rejected
batch:batch-360,batch_id,batch-360
batch:batch-360,cycle_time,15.0
batch:batch-360,queue_wait_time,7.0
batch:batch-360,processing_time,4.0
batch:batch-360,stages_count,3
batch:batch-360,completed,False
batch:batch-360,rejected,True
batch:batch-360,waited_in_queue,True
batch:batch-360,status,rejected
batch:batch-361,batch_id,batch-361
batch:batch-361,cycle_time,78.0
batch:batch-361,queue_wait_time,8.0
batch:batch-361,processing_time,16.0
batch:batch-361,stages_count,3
batch:batch-361,completed,True
batch:batch-361,rejected,False
batch:batch-361,waited_in_queue,True
batch:batch-361,status,completed
batch:batch-362,batch_id,batch-362
batch:batch-362,cycle_time,16.0
batch:batch-362,queue_wait_time,7.0
batch:batch-362,processing_time,4.0
batch:batch-362,stages_count,3
batch:batch-362,completed,False
batch:batch-362,rejected,True
batch:batch-362,waited_in_queue,True
batch:batch-362,status,rejected
batch:batch-363,batch_id,batch-363
batch:batch-363,cycle_time,17.0
batch:batch-363,queue_wait_time,10.0
batch:batch-363,processing_time,4.0
batch:batch-363,stages_count,3
batch:batch-363,completed,False
batch:batch-363,rejected,True
batch:batch-363,waited_in_queue,True
batch:batch-363,status,rejected
batch:batch-364,batch_id,batch-364
batch:batch-364,cycle_time,78.0
batch:batch-364,queue_wait_time,11.0
batch:batch-364,processing_time,16.0
batch:batch-364,stages_count,3
batch:batch-364,completed,True
batch:batch-364,rejected,False
batch:batch-364,waited_in_queue,True
batch:batch-364,status,completed
batch:batch-365,batch_id,batch-365
batch:batch-365,cycle_time,18.0
batch:batch-365,queue_wait_time,13.0
batch:batch-365,processing_time,4.0
batch:batch-365,stages_count,3
batch:batch-365,completed,False
batch:batch-365,rejected,True
batch:batch-365,waited_in_queue,True
batch:batch-365,status,rejected
batch:batch-366,batch_id,batch-366
batch:batch-366,cycle_time,17.0
batch:batch-366,queue_wait_time,12.0
batch:batch-366,processing_time,4.0
batch:batch-366,stages_count,3
batch:batch-366,completed,False
batch:batch-366,rejected,True
batch:batch-366,waited_in_queue,True
batch:batch-366,status,rejected
batch:batch-367,batch_id,batch-367
batch:batch-367,cycle_time,15.0
batch:batch-367,queue_wait_time,9.0
batch:batch-367,processing_time,4.0
batch:batch-367,stages_count,3
batch:batch-367,completed,False
batch:batch-367,rejected,True
batch:batch-367,waited_in_queue,True
batch:batch-367,status,rejected
batch:batch-368,batch_id,batch-368
batch:batch-368,cycle_time,74.0
batch:batch-368,queue_wait_time,9.0
batch:batch-368,processing_time,16.0
batch:batch-368,stages_count,3
batch:batch-368,completed,True
batch:batch-368,rejected,False
batch:batch-368,waited_in_queue,True
batch:batch-368,status,completed
batch:batch-369,batch_id,batch-369
batch:batch-369,cycle_time,15.0
batch:batch-369,queue_wait_time,10.0
batch:batch-369,processing_time,4.0
batch:batch-369,stages_count,3
batch:batch-369,completed,False
batch:batch-369,rejected,True
batch:batch-369,waited_in_queue,True
batch:batch-369,status,rejected
batch:batch-370,batch_id,batch-370
batch:batch-370,cycle_time,14.0
batch:batch-370,queue_wait_time,9.0
batch:batch-370,processing_time,4.0
batch:batch-370,stages_count,3
batch:batch-370,completed,False
batch:batch-370,rejected,True
batch:batch-370,waited_in_queue,True
batch:batch-370,status,rejected
batch:batch-371,batch_id,batch-371
batch:batch-371,cycle_time,75.0
batch:batch-371,queue_wait_time,8.0
batch:batch-371,processing_time,16.0
batch:batch-371,stages_count,3
batch:batch-371,completed,True
batch:batch-371,rejected,False
batch:batch-371,waited_in_queue,True
batch:batch-371,status,completed
batch:batch-372,batch_id,batch-372
batch:batch-372,cycle_time,12.0
batch:batch-372,queue_wait_time,5.0
batch:batch-372,processing_time,4.0
batch:batch-372,stages_count,3
batch:batch-372,completed,False
batch:batch-372,rejected,True
batch:batch-372,waited_in_queue,True
batch:batch-372,status,rejected
batch:batch-373,batch_id,batch-373
batch:batch-373,cycle_time,14.0
batch:batch-373,queue_wait_time,6.0
batch:batch-373,processing_time,4.0
batch:batch-373,stages_count,3
batch:batch-373,completed,False
batch:batch-373,rejected,True
batch:batch-373,waited_in_queue,True
batch:batch-373,status,rejected
batch:batch-374,batch_id,batch-374
batch:batch-374,cycle_time,12.0
batch:batch-374,queue_wait_time,4.0
batch:batch-374,processing_time,4.0
batch:batch-374,stages_count,3
batch:batch-374,completed,False
batch:batch-374,rejected,True
batch:batch-374,waited_in_queue,True
batch:batch-374,status,rejected
batch:batch-375,batch_id,batch-375
batch:batch-375,cycle_time,73.0
batch:batch-375,queue_wait_time,6.0
batch:batch-375,processing_time,16.0
batch:batch-375,stages_count,3
batch:batch-375,completed,True
batch:batch-375,rejected,False
batch:batch-375,waited_in_queue,True
batch:batch-375,status,completed
batch:batch-376,batch_id,batch-376
batch:batch-376,cycle_time,10.0
batch:batch-376,queue_wait_time,3.0
batch:batch-376,processing_time,4.0
batch:batch-376,stages_count,3
batch:batch-376,completed,False
batch:batch-376,rejected,True
batch:batch-376,waited_in_queue,True
batch:batch-376,status,rejected
batch:batch-377,batch_id,batch-377
batch:batch-377,cycle_time,9.0
batch:batch-377,queue_wait_time,4.0
batch:batch-377,processing_time,4.0
batch:batch-377,stages_count,3
batch:batch-377,completed,False
batch:batch-377,rejected,True
batch:batch-377,waited_in_queue,True
batch:batch-377,status,rejected
batch:batch-378,batch_id,batch-378
batch:batch-378,cycle_time,8.0
batch:batch-378,queue_wait_time,3.0
batch:batch-378,processing_time,4.0
batch:batch-378,stages_count,3
batch:batch-378,completed,False
batch:batch-378,rejected,True
batch:batch-378,waited_in_queue,True
batch:batch-378,status,rejected
batch:batch-379,batch_id,batch-379
batch:batch-379,cycle_time,74.0
batch:batch-379,queue_wait_time,2.0
batch:batch-379,processing_time,16.0
batch:batch-379,stages_count,3
batch:batch-379,completed,True
batch:batch-379,rejected,False
batch:batch-379,waited_in_queue,True
batch:batch-379,status,completed
batch:batch-380,batch_id,batch-380
batch:batch-380,cycle_time,5.0
batch:batch-380,queue_wait_time,1.0
batch:batch-380,processing_time,4.0
batch:batch-380,stages_count,3
batch:batch-380,completed,False
batch:batch-380,rejected,True
batch:batch-380,waited_in_queue,True
batch:batch-380,status,rejected
batch:batch-381,batch_id,batch-381
batch:batch-381,cycle_time,78.0
batch:batch-381,queue_wait_time,0.0
batch:batch-381,processing_time,16.0
batch:batch-381,stages_count,3
batch:batch-381,completed,True
batch:batch-381,rejected,False
batch:batch-381,waited_in_queue,True
batch:batch-381,status,completed
batch:batch-382,batch_id,batch-382
batch:batch-382,cycle_time,10.0
batch:batch-382,queue_wait_time,6.0
batch:batch-382,processing_time,4.0
batch:batch-382,stages_count,3
batch:batch-382,completed,False
batch:batch-382,rejected,True
batch:batch-382,waited_in_queue,True
batch:batch-382,status,rejected
batch:batch-383,batch_id,batch-383
batch:batch-383,cycle_time,8.0
batch:batch-383,queue_wait_time,4.0
batch:batch-383,processing_time,4.0
batch:batch-383,stages_count,3
batch:batch-383,completed,False
batch:batch-383,rejected,True
batch:batch-383,waited_in_queue,True
batch:batch-383,status,rejected
batch:batch-384,batch_id,batch-384
batch:batch-384,cycle_time,7.0
batch:batch-384,queue_wait_time,0.0
batch:batch-384,processing_time,4.0
batch:batch-384,stages_count,3
batch:batch-384,completed,False
batch:batch-384,rejected,True
batch:batch-384,waited_in_queue,False
batch:batch-384,status,rejected
batch:batch-385,batch_id,batch-385
batch:batch-385,cycle_time,75.0
batch:batch-385,queue_wait_time,0.0
batch:batch-385,processing_time,16.0
batch:batch-385,stages_count,3
batch:batch-385,completed,True
batch:batch-385,rejected,False
batch:batch-385,waited_in_queue,True
batch:batch-385,status,completed
batch:batch-386,batch_id,batch-386
batch:batch-386,cycle_time,8.0
batch:batch-386,queue_wait_time,3.0
batch:batch-386,processing_time,4.0
batch:batch-386,stages_count,3
batch:batch-386,completed,False
batch:batch-386,rejected,True
batch:batch-386,waited_in_queue,True
batch:batch-386,status,rejected
batch:batch-387,batch_id,batch-387
batch:batch-387,cycle_time,6.0
batch:batch-387,queue_wait_time,2.0
batch:batch-387,processing_time,4.0
batch:batch-387,stages_count,3
batch:batch-387,completed,False
batch:batch-387,rejected,True
batch:batch-387,waited_in_queue,True
batch:batch-387,status,rejected
batch:batch-388,batch_id,batch-388
batch:batch-388,cycle_time,75.0
batch:batch-388,queue_wait_time,0.0
batch:batch-388,processing_time,16.0
batch:batch-388,stages_count,3
batch:batch-388,completed,True
batch:batch-388,rejected,False
batch:batch-388,waited_in_queue,True
batch:batch-388,status,completed
batch:batch-389,batch_id,batch-389
batch:batch-389,cycle_time,6.0
batch:batch-389,queue_wait_time,2.0
batch:batch-389,processing_time,4.0
batch:batch-389,stages_count,3
batch:batch-389,completed,False
batch:batch-389,rejected,True
batch:batch-389,waited_in_queue,True
batch:batch-389,status,rejected
batch:batch-390,batch_id,batch-390
batch:batch-390,cycle_time,4.0
batch:batch-390,queue_wait_time,0.0
batch:batch-390,processing_time,4.0
batch:batch-390,stages_count,3
batch:batch-390,completed,False
batch:batch-390,rejected,True
batch:batch-390,waited_in_queue,False
batch:batch-390,status,rejected
batch:batch-391,batch_id,batch-391
batch:batch-391,cycle_time,8.0
batch:batch-391,queue_wait_time,0.0
batch:batch-391,processing_time,4.0
batch:batch-391,stages_count,3
batch:batch-391,completed,False
batch:batch-391,rejected,True
batch:batch-391,waited_in_queue,False
batch:batch-391,status,rejected
batch:batch-392,batch_id,batch-392
batch:batch-392,cycle_time,71.0
batch:batch-392,queue_wait_time,2.0
batch:batch-392,processing_time,16.0
batch:batch-392,stages_count,3
batch:batch-392,completed,True
batch:batch-392,rejected,False
batch:batch-392,waited_in_queue,True
batch:batch-392,status,completed
batch:batch-393,batch_id,batch-393
batch:batch-393,cycle_time,9.0
batch:batch-393,queue_wait_time,1.0
batch:batch-393,processing_time,4.0
batch:batch-393,stages_count,3
batch:batch-393,completed,False
batch:batch-393,rejected,True
batch:batch-393,waited_in_queue,True
batch:batch-393,status,rejected
batch:batch-394,batch_id,batch-394
batch:batch-394,cycle_time,7.0
batch:batch-394,queue_wait_time,1.0
batch:batch-394,processing_time,4.0
batch:batch-394,stages_count,3
batch:batch-394,completed,False
batch:batch-394,rejected,True
batch:batch-394,waited_in_queue,True
batch:batch-394,status,rejected
batch:batch-395,batch_id,batch-395
batch:batch-395,cycle_time,8.0
batch:batch-395,queue_wait_time,1.0
batch:batch-395,processing_time,4.0
batch:batch-395,stages_count,3
batch:batch-395,completed,False
batch:batch-395,rejected,True
batch:batch-395,waited_in_queue,True
batch:batch-395,status,rejected
batch:batch-396,batch_id,batch-396
batch:batch-396,cycle_time,68.0
batch:batch-396,queue_wait_time,1.0
batch:batch-396,processing_time,16.0
batch:batch-396,stages_count,3
batch:batch-396,completed,True
batch:batch-396,rejected,False
batch:batch-396,waited_in_queue,True
batch:batch-396,status,completed
batch:batch-397,batch_id,batch-397
batch:batch-397,cycle_time,6.0
batch:batch-397,queue_wait_time,1.0
batch:batch-397,processing_time,4.0
batch:batch-397,stages_count,3
batch:batch-397,completed,False
batch:batch-397,rejected,True
batch:batch-397,waited_in_queue,True
batch:batch-397,status,rejected
batch:batch-398,batch_id,batch-398
batch:batch-398,cycle_time,7.0
batch:batch-398,queue_wait_time,0.0
batch:batch-398,processing_time,4.0
batch:batch-398,stages_count,3
batch:batch-398,completed,False
batch:batch-398,rejected,True
batch:batch-398,waited_in_queue,False
batch:batch-398,status,rejected
batch:batch-399,batch_id,batch-399
batch:batch-399,cycle_time,68.0
batch:batch-399,queue_wait_time,1.0
batch:batch-399,processing_time,16.0
batch:batch-399,stages_count,3
batch:batch-399,completed,True
batch:batch-399,rejected,False
batch:batch-399,waited_in_queue,True
batch:batch-399,status,completed
batch:batch-400,batch_id,batch-400
batch:batch-400,cycle_time,6.0
batch:batch-400,queue_wait_time,1.0
batch:batch-400,processing_time,4.0
batch:batch-400,stages_count,3
batch:batch-400,completed,False
batch:batch-400,rejected,True
batch:batch-400,waited_in_queue,True
batch:batch-400,status,rejected
batch:batch-401,batch_id,batch-401
batch:batch-401,cycle_time,4.0
batch:batch-401,queue_wait_time,0.0
batch:batch-401,processing_time,4.0
batch:batch-401,stages_count,3
batch:batch-401,completed,False
batch:batch-401,rejected,True
batch:batch-401,waited_in_queue,False
batch:batch-401,status,rejected
batch:batch-402,batch_id,batch-402
batch:batch-402,cycle_time,4.0
batch:batch-402,queue_wait_time,0.0
batch:batch-402,processing_time,4.0
batch:batch-402,stages_count,3
batch:batch-402,completed,False
batch:batch-402,rejected,True
batch:batch-402,waited_in_queue,False
batch:batch-402,status,rejected
batch:batch-403,batch_id,batch-403
batch:batch-403,cycle_time,67.0
batch:batch-403,queue_wait_time,0.0
batch:batch-403,processing_time,16.0
batch:batch-403,stages_count,3
batch:batch-403,completed,True
batch:batch-403,rejected,False
batch:batch-403,waited_in_queue,True
batch:batch-403,status,completed
batch:batch-404,batch_id,batch-404
batch:batch-404,cycle_time,8.0
batch:batch-404,queue_wait_time,0.0
batch:batch-404,processing_time,4.0
batch:batch-404,stages_count,3
batch:batch-404,completed,False
batch:batch-404,rejected,True
batch:batch-404,waited_in_queue,False
batch:batch-404,status,rejected
batch:batch-405,batch_id,batch-405
batch:batch-405,cycle_time,6.0
batch:batch-405,queue_wait_time,2.0
batch:batch-405,processing_time,4.0
batch:batch-405,stages_count,3
batch:batch-405,completed,False
batch:batch-405,rejected,True
batch:batch-405,waited_in_queue,True
batch:batch-405,status,rejected
batch:batch-406,batch_id,batch-406
batch:batch-406,cycle_time,72.0
batch:batch-406,queue_wait_time,0.0
batch:batch-406,processing_time,16.0
batch:batch-406,stages_count,3
batch:batch-406,completed,True
batch:batch-406,rejected,False
batch:batch-406,waited_in_queue,True
batch:batch-406,status,completed
batch:batch-407,batch_id,batch-407
batch:batch-407,cycle_time,8.0
batch:batch-407,queue_wait_time,0.0
batch:batch-407,processing_time,4.0
batch:batch-407,stages_count,3
batch:batch-407,completed,False
batch:batch-407,rejected,True
batch:batch-407,waited_in_queue,False
batch:batch-407,status,rejected
batch:batch-408,batch_id,batch-408
batch:batch-408,cycle_time,76.0
batch:batch-408,queue_wait_time,1.0
batch:batch-408,processing_time,16.0
batch:batch-408,stages_count,3
batch:batch-408,completed,True
batch:batch-408,rejected,False
batch:batch-408,waited_in_queue,True
batch:batch-408,status,completed
batch:batch-409,batch_id,batch-409
batch:batch-409,cycle_time,5.0
batch:batch-409,queue_wait_time,1.0
batch:batch-409,processing_time,4.0
batch:batch-409,stages_count,3
batch:batch-409,completed,False
batch:batch-409,rejected,True
batch:batch-409,waited_in_queue,True
batch:batch-409,status,rejected
batch:batch-410,batch_id,batch-410
batch:batch-410,cycle_time,4.0
batch:batch-410,queue_wait_time,0.0
batch:batch-410,processing_time,4.0
batch:batch-410,stages_count,3
batch:batch-410,completed,False
batch:batch-410,rejected,True
batch:batch-410,waited_in_queue,False
batch:batch-410,status,rejected
batch:batch-411,batch_id,batch-411
batch:batch-411,cycle_time,6.0
batch:batch-411,queue_wait_time,0.0
batch:batch-411,processing_time,4.0
batch:batch-411,stages_count,3
batch:batch-411,completed,False
batch:batch-411,rejected,True
batch:batch-411,waited_in_queue,False
batch:batch-411,status,rejected
batch:batch-412,batch_id,batch-412
batch:batch-412,cycle_time,73.0
batch:batch-412,queue_wait_time,0.0
batch:batch-412,processing_time,16.0
batch:batch-412,stages_count,3
batch:batch-412,completed,True
batch:batch-412,rejected,False
batch:batch-412,waited_in_queue,True
batch:batch-412,status,completed
batch:batch-413,batch_id,batch-413
batch:batch-413,cycle_time,7.0
batch:batch-413,queue_wait_time,0.0
batch:batch-413,processing_time,4.0
batch:batch-413,stages_count,3
batch:batch-413,completed,False
batch:batch-413,rejected,True
batch:batch-413,waited_in_queue,False
batch:batch-413,status,rejected
batch:batch-414,batch_id,batch-414
batch:batch-414,cycle_time,5.0
batch:batch-414,queue_wait_time,1.0
batch:batch-414,processing_time,4.0
batch:batch-414,stages_count,3
batch:batch-414,completed,False
batch:batch-414,rejected,True
batch:batch-414,waited_in_queue,True
batch:batch-414,status,rejected
batch:batch-415,batch_id,batch-415
batch:batch-415,cycle_time,74.0
batch:batch-415,queue_wait_time,0.0
batch:batch-415,processing_time,16.0
batch:batch-415,stages_count,3
batch:batch-415,completed,True
batch:batch-415,rejected,False
batch:batch-415,waited_in_queue,True
batch:batch-415,status,completed
batch:batch-416,batch_id,batch-416
batch:batch-416,cycle_time,6.0
batch:batch-416,queue_wait_time,0.0
batch:batch-416,processing_time,4.0
batch:batch-416,stages_count,3
batch:batch-416,completed,False
batch:batch-416,rejected,True
batch:batch-416,waited_in_queue,False
batch:batch-416,status,rejected
batch:batch-417,batch_id,batch-417
batch:batch-417,cycle_time,5.0
batch:batch-417,queue_wait_time,0.0
batch:batch-417,processing_time,4.0
batch:batch-417,stages_count,3
batch:batch-417,completed,False
batch:batch-417,rejected,True
batch:batch-417,waited_in_queue,False
batch:batch-417,status,rejected
batch:batch-418,batch_id,batch-418
batch:batch-418,cycle_time,5.0
batch:batch-418,queue_wait_time,0.0
batch:batch-418,processing_time,4.0
batch:batch-418,stages_count,3
batch:batch-418,completed,False
batch:batch-418,rejected,True
batch:batch-418,waited_in_queue,False
batch:batch-418,status,rejected
batch:batch-419,batch_id,batch-419
batch:batch-419,cycle_time,71.0
batch:batch-419,queue_wait_time,0.0
batch:batch-419,processing_time,16.0
batch:batch-419,stages_count,3
batch:batch-419,completed,True
batch:batch-419,rejected,False
batch:batch-419,waited_in_queue,True
batch:batch-419,status,completed
batch:batch-420,batch_id,batch-420
batch:batch-420,cycle_time,5.0
batch:batch-420,queue_wait_time,0.0
batch:batch-420,processing_time,4.0
batch:batch-420,stages_count,3
batch:batch-420,completed,False
batch:batch-420,rejected,True
batch:batch-420,waited_in_queue,False
batch:batch-420,status,rejected
batch:batch-421,batch_id,batch-421
batch:batch-421,cycle_time,8.0
batch:batch-421,queue_wait_time,0.0
batch:batch-421,processing_time,4.0
batch:batch-421,stages_count,3
batch:batch-421,completed,False
batch:batch-421,rejected,True
batch:batch-421,waited_in_queue,False
batch:batch-421,status,rejected
batch:batch-422,batch_id,batch-422
batch:batch-422,cycle_time,72.0
batch:batch-422,queue_wait_time,2.0
batch:batch-422,processing_time,16.0
batch:batch-422,stages_count,3
batch:batch-422,completed,True
batch:batch-422,rejected,False
batch:batch-422,waited_in_queue,True
batch:batch-422,status,completed
batch:batch-423,batch_id,batch-423
batch:batch-423,cycle_time,8.0
batch:batch-423,queue_wait_time,0.0
batch:batch-423,processing_time,4.0
batch:batch-423,stages_count,3
batch:batch-423,completed,False
batch:batch-423,rejected,True
batch:batch-423,waited_in_queue,False
batch:batch-423,status,rejected
batch:batch-424,batch_id,batch-424
batch:batch-424,cycle_time,6.0
batch:batch-424,queue_wait_time,2.0
batch:batch-424,processing_time,4.0
batch:batch-424,stages_count,3
batch:batch-424,completed,False
batch:batch-424,rejected,True
batch:batch-424,waited_in_queue,True
batch:batch-424,status,rejected
batch:batch-425,batch_id,batch-425
batch:batch-425,cycle_time,5.0
batch:batch-425,queue_wait_time,0.0
batch:batch-425,processing_time,4.0
batch:batch-425,stages_count,3
batch:batch-425,completed,False
batch:batch-425,rejected,True
batch:batch-425,waited_in_queue,False
batch:batch-425,status,rejected
batch:batch-426,batch_id,batch-426
batch:batch-426,cycle_time,70.0
batch:batch-426,queue_wait_time,0.0
batch:batch-426,processing_time,16.0
batch:batch-426,stages_count,3
batch:batch-426,completed,True
batch:batch-426,rejected,False
batch:batch-426,waited_in_queue,True
batch:batch-426,status,completed
batch:batch-427,batch_id,batch-427
batch:batch-427,cycle_time,6.0
batch:batch-427,queue_wait_time,0.0
batch:batch-427,processing_time,4.0
batch:batch-427,stages_count,3
batch:batch-427,completed,False
batch:batch-427,rejected,True
batch:batch-427,waited_in_queue,False
batch:batch-427,status,rejected
batch:batch-428,batch_id,batch-428
batch:batch-428,cycle_time,7.0
batch:batch-428,queue_wait_time,0.0
batch:batch-428,processing_time,4.0
batch:batch-428,stages_count,3
batch:batch-428,completed,False
batch:batch-428,rejected,True
batch:batch-428,waited_in_queue,False
batch:batch-428,status,rejected
batch:batch-429,batch_id,batch-429
batch:batch-429,cycle_time,74.0
batch:batch-429,queue_wait_time,1.0
batch:batch-429,processing_time,16.0
batch:batch-429,stages_count,3
batch:batch-429,completed,True
batch:batch-429,rejected,False
batch:batch-429,waited_in_queue,True
batch:batch-429,status,completed
batch:batch-430,batch_id,batch-430
batch:batch-430,cycle_time,9.0
batch:batch-430,queue_wait_time,5.0
batch:batch-430,processing_time,4.0
batch:batch-430,stages_count,3
batch:batch-430,completed,False
batch:batch-430,rejected,True
batch:batch-430,waited_in_queue,True
batch:batch-430,status,rejected
batch:batch-431,batch_id,batch-431
batch:batch-431,cycle_time,7.0
batch:batch-431,queue_wait_time,2.0
batch:batch-431,processing_time,4.0
batch:batch-431,stages_count,3
batch:batch-431,completed,False
batch:batch-431,rejected,True
batch:batch-431,waited_in_queue,True
batch:batch-431,status,rejected
batch:batch-432,batch_id,batch-432
batch:batch-432,cycle_time,5.0
batch:batch-432,queue_wait_time,1.0
batch:batch-432,processing_time,4.0
batch:batch-432,stages_count,3
batch:batch-432,completed,False
batch:batch-432,rejected,True
batch:batch-432,waited_in_queue,True
batch:batch-432,status,rejected
batch:batch-433,batch_id,batch-433
batch:batch-433,cycle_time,72.0
batch:batch-433,queue_wait_time,0.0
batch:batch-433,processing_time,16.0
batch:batch-433,stages_count,3
batch:batch-433,completed,True
batch:batch-433,rejected,False
batch:batch-433,waited_in_queue,True
batch:batch-433,status,completed
batch:batch-434,batch_id,batch-434
batch:batch-434,cycle_time,7.0
batch:batch-434,queue_wait_time,1.0
batch:batch-434,processing_time,4.0
batch:batch-434,stages_count,3
batch:batch-434,completed,False
batch:batch-434,rejected,True
batch:batch-434,waited_in_queue,True
batch:batch-434,status,rejected
batch:batch-435,batch_id,batch-435
batch:batch-435,cycle_time,5.0
batch:batch-435,queue_wait_time,1.0
batch:batch-435,processing_time,4.0
batch:batch-435,stages_count,3
batch:batch-435,completed,False
batch:batch-435,rejected,True
batch:batch-435,waited_in_queue,True
batch:batch-435,status,rejected
batch:batch-436,batch_id,batch-436
batch:batch-436,cycle_time,72.0
batch:batch-436,queue_wait_time,0.0
batch:batch-436,processing_time,16.0
batch:batch-436,stages_count,3
batch:batch-436,completed,True
batch:batch-436,rejected,False
batch:batch-436,waited_in_queue,True
batch:batch-436,status,completed
batch:batch-437,batch_id,batch-437
batch:batch-437,cycle_time,8.0
batch:batch-437,queue_wait_time,1.0
batch:batch-437,processing_time,4.0
batch:batch-437,stages_count,3
batch:batch-437,completed,False
batch:batch-437,rejected,True
batch:batch-437,waited_in_queue,True
batch:batch-437,status,rejected
batch:batch-438,batch_id,batch-438
batch:batch-438,cycle_time,7.0
batch:batch-438,queue_wait_time,0.0
batch:batch-438,processing_time,4.0
batch:batch-438,stages_count,3
batch:batch-438,completed,False
batch:batch-438,rejected,True
batch:batch-438,waited_in_queue,False
batch:batch-438,status,rejected
batch:batch-439,batch_id,batch-439
batch:batch-439,cycle_time,72.0
batch:batch-439,queue_wait_time,1.0
batch:batch-439,processing_time,16.0
batch:batch-439,stages_count,3
batch:batch-439,completed,True
batch:batch-439,rejected,False
batch:batch-439,waited_in_queue,True
batch:batch-439,status,completed
batch:batch-440,batch_id,batch-440
batch:batch-440,cycle_time,7.0
batch:batch-440,queue_wait_time,0.0
batch:batch-440,processing_time,4.0
batch:batch-440,stages_count,3
batch:batch-440,completed,False
batch:batch-440,rejected,True
batch:batch-440,waited_in_queue,False
batch:batch-440,status,rejected
batch:batch-441,batch_id,batch-441
batch:batch-441,cycle_time,5.0
batch:batch-441,queue_wait_time,1.0
batch:batch-441,processing_time,4.0
batch:batch-441,stages_count,3
batch:batch-441,completed,False
batch:batch-441,rejected,True
batch:batch-441,waited_in_queue,True
batch:batch-441,status,rejected
batch:batch-442,batch_id,batch-442
batch:batch-442,cycle_time,72.0
batch:batch-442,queue_wait_time,0.0
batch:batch-442,processing_time,16.0
batch:batch-442,stages_count,3
batch:batch-442,completed,True
batch:batch-442,rejected,False
batch:batch-442,waited_in_queue,True
batch:batch-442,status,completed
batch:batch-443,batch_id,batch-443
batch:batch-443,cycle_time,6.0
batch:batch-443,queue_wait_time,0.0
batch:batch-443,processing_time,4.0
batch:batch-443,stages_count,3
batch:batch-443,completed,False
batch:batch-443,rejected,True
batch:batch-443,waited_in_queue,False
batch:batch-443,status,rejected
batch:batch-444,batch_id,batch-444
batch:batch-444,cycle_time,4.0
batch:batch-444,queue_wait_time,0.0
batch:batch-444,processing_time,4.0
batch:batch-444,stages_count,3
batch:batch-444,completed,False
batch:batch-444,rejected,True
batch:batch-444,waited_in_queue,False
batch:batch-444,status,rejected
batch:batch-445,batch_id,batch-445
batch:batch-445,cycle_time,4.0
batch:batch-445,queue_wait_time,0.0
batch:batch-445,processing_time,4.0
batch:batch-445,stages_count,3
batch:batch-445,completed,False
batch:batch-445,rejected,True
batch:batch-445,waited_in_queue,False
batch:batch-445,status,rejected
batch:batch-446,batch_id,batch-446
batch:batch-446,cycle_time,5.0
batch:batch-446,queue_wait_time,0.0
batch:batch-446,processing_time,4.0
batch:batch-446,stages_count,3
batch:batch-446,completed,False
batch:batch-446,rejected,True
batch:batch-446,waited_in_queue,False
batch:batch-446,status,rejected
batch:batch-447,batch_id,batch-447
batch:batch-447,cycle_time,64.0
batch:batch-447,queue_wait_time,0.0
batch:batch-447,processing_time,16.0
batch:batch-447,stages_count,3
batch:batch-447,completed,True
batch:batch-447,rejected,False
batch:batch-447,waited_in_queue,True
batch:batch-447,status,completed
batch:batch-448,batch_id,batch-448
batch:batch-448,cycle_time,7.0
batch:batch-448,queue_wait_time,1.0
batch:batch-448,processing_time,4.0
batch:batch-448,stages_count,3
batch:batch-448,completed,False
batch:batch-448,rejected,True
batch:batch-448,waited_in_queue,True
batch:batch-448,status,rejected
batch:batch-449,batch_id,batch-449
batch:batch-449,cycle_time,71.0
batch:batch-449,queue_wait_time,1.0
batch:batch-449,processing_time,16.0
batch:batch-449,stages_count,3
batch:batch-449,completed,True
batch:batch-449,rejected,False
batch:batch-449,waited_in_queue,True
batch:batch-449,status,completed
batch:batch-450,batch_id,batch-450
batch:batch-450,cycle_time,7.0
batch:batch-450,queue_wait_time,3.0
batch:batch-450,processing_time,4.0
batch:batch-450,stages_count,3
batch:batch-450,completed,False
batch:batch-450,rejected,True
batch:batch-450,waited_in_queue,True
batch:batch-450,status,rejected
batch:batch-451,batch_id,batch-451
batch:batch-451,cycle_time,6.0
batch:batch-451,queue_wait_time,1.0
batch:batch-451,processing_time,4.0
batch:batch-451,stages_count,3
batch:batch-451,completed,False
batch:batch-451,rejected,True
batch:batch-451,waited_in_queue,True
batch:batch-451,status,rejected
batch:batch-452,batch_id,batch-452
batch:batch-452,cycle_time,4.0
batch:batch-452,queue_wait_time,0.0
batch:batch-452,processing_time,4.0
batch:batch-452,stages_count,3
batch:batch-452,completed,False
batch:batch-452,rejected,True
batch:batch-452,waited_in_queue,False
batch:batch-452,status,rejected
batch:batch-453,batch_id,batch-453
batch:batch-453,cycle_time,67.0
batch:batch-453,queue_wait_time,0.0
batch:batch-453,processing_time,16.0
batch:batch-453,stages_count,3
batch:batch-453,completed,True
batch:batch-453,rejected,False
batch:batch-453,waited_in_queue,True
batch:batch-453,status,completed
batch:batch-454,batch_id,batch-454
batch:batch-454,cycle_time,4.0
batch:batch-454,queue_wait_time,0.0
batch:batch-454,processing_time,4.0
batch:batch-454,stages_count,3
batch:batch-454,completed,False
batch:batch-454,rejected,True
batch:batch-454,waited_in_queue,False
batch:batch-454,status,rejected
batch:batch-455,batch_id,batch-455
batch:batch-455,cycle_time,7.0
batch:batch-455,queue_wait_time,0.0
batch:batch-455,processing_time,4.0
batch:batch-455,stages_count,3
batch:batch-455,completed,False
batch:batch-455,rejected,True
batch:batch-455,waited_in_queue,False
batch:batch-455,status,rejected
batch:batch-456,batch_id,batch-456
batch:batch-456,cycle_time,67.0
batch:batch-456,queue_wait_time,0.0
batch:batch-456,processing_time,16.0
batch:batch-456,stages_count,3
batch:batch-456,completed,True
batch:batch-456,rejected,False
batch:batch-456,waited_in_queue,True
batch:batch-456,status,completed
batch:batch-457,batch_id,batch-457
batch:batch-457,cycle_time,8.0
batch:batch-457,queue_wait_time,0.0
batch:batch-457,processing_time,4.0
batch:batch-457,stages_count,3
batch:batch-457,completed,False
batch:batch-457,rejected,True
batch:batch-457,waited_in_queue,False
batch:batch-457,status,rejected
batch:batch-458,batch_id,batch-458
batch:batch-458,cycle_time,6.0
batch:batch-458,queue_wait_time,2.0
batch:batch-458,processing_time,4.0
batch:batch-458,stages_count,3
batch:batch-458,completed,False
batch:batch-458,rejected,True
batch:batch-458,waited_in_queue,True
batch:batch-458,status,rejected
batch:batch-459,batch_id,batch-459
batch:batch-459,cycle_time,67.0
batch:batch-459,queue_wait_time,0.0
batch:batch-459,processing_time,16.0
batch:batch-459,stages_count,3
batch:batch-459,completed,True
batch:batch-459,rejected,False
batch:batch-459,waited_in_queue,True
batch:batch-459,status,completed
batch:batch-460,batch_id,batch-460
batch:batch-460,cycle_time,8.0
batch:batch-460,queue_wait_time,0.0
batch:batch-460,processing_time,4.0
batch:batch-460,stages_count,3
batch:batch-460,completed,False
batch:batch-460,rejected,True
batch:batch-460,waited_in_queue,False
batch:batch-460,status,rejected
batch:batch-461,batch_id,batch-461
batch:batch-461,cycle_time,7.0
batch:batch-461,queue_wait_time,2.0
batch:batch-461,processing_time,4.0
batch:batch-461,stages_count,3
batch:batch-461,completed,False
batch:batch-461,rejected,True
batch:batch-461,waited_in_queue,True
batch:batch-461,status,rejected
batch:batch-462,batch_id,batch-462
batch:batch-462,cycle_time,68.0
batch:batch-462,queue_wait_time,0.0
batch:batch-462,processing_time,16.0
batch:batch-462,stages_count,3
batch:batch-462,completed,True
batch:batch-462,rejected,False
batch:batch-462,waited_in_queue,True
batch:batch-462,status,completed
batch:batch-463,batch_id,batch-463
batch:batch-463,cycle_time,6.0
batch:batch-463,queue_wait_time,2.0
batch:batch-463,processing_time,4.0
batch:batch-463,stages_count,3
batch:batch-463,completed,False
batch:batch-463,rejected,True
batch:batch-463,waited_in_queue,True
batch:batch-463,status,rejected
batch:batch-464,batch_id,batch-464
batch:batch-464,cycle_time,72.0
batch:batch-464,queue_wait_time,0.0
batch:batch-464,processing_time,16.0
batch:batch-464,stages_count,3
batch:batch-464,completed,True
batch:batch-464,rejected,False
batch:batch-464,waited_in_queue,True
batch:batch-464,status,completed
batch:batch-465,batch_id,batch-465
batch:batch-465,cycle_time,9.0
batch:batch-465,queue_wait_time,0.0
batch:batch-465,processing_time,4.0
batch:batch-465,stages_count,3
batch:batch-465,completed,False
batch:batch-465,rejected,True
batch:batch-465,waited_in_queue,False
batch:batch-465,status,rejected
batch:batch-466,batch_id,batch-466
batch:batch-466,cycle_time,77.0
batch:batch-466,queue_wait_time,3.0
batch:batch-466,processing_time,16.0
batch:batch-466,stages_count,3
batch:batch-466,completed,True
batch:batch-466,rejected,False
batch:batch-466,waited_in_queue,True
batch:batch-466,status,completed
batch:batch-467,batch_id,batch-467
batch:batch-467,cycle_time,15.0
batch:batch-467,queue_wait_time,9.0
batch:batch-467,processing_time,4.0
batch:batch-467,stages_count,3
batch:batch-467,completed,False
batch:batch-467,rejected,True
batch:batch-467,waited_in_queue,True
batch:batch-467,status,rejected
batch:batch-468,batch_id,batch-468
batch:batch-468,cycle_time,16.0
batch:batch-468,queue_wait_time,9.0
batch:batch-468,processing_time,4.0
batch:batch-468,stages_count,3
batch:batch-468,completed,False
batch:batch-468,rejected,True
batch:batch-468,waited_in_queue,True
batch:batch-468,status,rejected
batch:batch-469,batch_id,batch-469
batch:batch-469,cycle_time,77.0
batch:batch-469,queue_wait_time,10.0
batch:batch-469,processing_time,16.0
batch:batch-469,stages_count,3
batch:batch-469,completed,True
batch:batch-469,rejected,False
batch:batch-469,waited_in_queue,True
batch:batch-469,status,completed
batch:batch-470,batch_id,batch-470
batch:batch-470,cycle_time,14.0
batch:batch-470,queue_wait_time,8.0
batch:batch-470,processing_time,4.0
batch:batch-470,stages_count,3
batch:batch-470,completed,False
batch:batch-470,rejected,True
batch:batch-470,waited_in_queue,True
batch:batch-470,status,rejected
batch:batch-471,batch_id,batch-471
batch:batch-471,cycle_time,14.0
batch:batch-471,queue_wait_time,7.0
batch:batch-471,processing_time,4.0
batch:batch-471,stages_count,3
batch:batch-471,completed,False
batch:batch-471,rejected,True
batch:batch-471,waited_in_queue,True
batch:batch-471,status,rejected
batch:batch-472,batch_id,batch-472
batch:batch-472,cycle_time,79.0
batch:batch-472,queue_wait_time,7.0
batch:batch-472,processing_time,16.0
batch:batch-472,stages_count,3
batch:batch-472,completed,True
batch:batch-472,rejected,False
batch:batch-472,waited_in_queue,True
batch:batch-472,status,completed
batch:batch-473,batch_id,batch-473
batch:batch-473,cycle_time,15.0
batch:batch-473,queue_wait_time,7.0
batch:batch-473,processing_time,4.0
batch:batch-473,stages_count,3
batch:batch-473,completed,False
batch:batch-473,rejected,True
batch:batch-473,waited_in_queue,True
batch:batch-473,status,rejected
batch:batch-474,batch_id,batch-474
batch:batch-474,cycle_time,14.0
batch:batch-474,queue_wait_time,7.0
batch:batch-474,processing_time,4.0
batch:batch-474,stages_count,3
batch:batch-474,completed,False
batch:batch-474,rejected,True
batch:batch-474,waited_in_queue,True
batch:batch-474,status,rejected
batch:batch-475,batch_id,batch-475
batch:batch-475,cycle_time,12.0
batch:batch-475,queue_wait_time,8.0
batch:batch-475,processing_time,4.0
batch:batch-475,stages_count,3
batch:batch-475,completed,False
batch:batch-475,rejected,True
batch:batch-475,waited_in_queue,True
batch:batch-475,status,rejected
batch:batch-476,batch_id,batch-476
batch:batch-476,cycle_time,12.0
batch:batch-476,queue_wait_time,6.0
batch:batch-476,processing_time,4.0
batch:batch-476,stages_count,3
batch:batch-476,completed,False
batch:batch-476,rejected,True
batch:batch-476,waited_in_queue,True
batch:batch-476,status,rejected
batch:batch-477,batch_id,batch-477
batch:batch-477,cycle_time,72.0
batch:batch-477,queue_wait_time,6.0
batch:batch-477,processing_time,16.0
batch:batch-477,stages_count,3
batch:batch-477,completed,True
batch:batch-477,rejected,False
batch:batch-477,waited_in_queue,True
batch:batch-477,status,completed
batch:batch-478,batch_id,batch-478
batch:batch-478,cycle_time,9.0
batch:batch-478,queue_wait_time,3.0
batch:batch-478,processing_time,4.0
batch:batch-478,stages_count,3
batch:batch-478,completed,False
batch:batch-478,rejected,True
batch:batch-478,waited_in_queue,True
batch:batch-478,status,rejected
batch:batch-479,batch_id,batch-479
batch:batch-479,cycle_time,7.0
batch:batch-479,queue_wait_time,0.0
batch:batch-479,processing_time,4.0
batch:batch-479,stages_count,3
batch:batch-479,completed,False
batch:batch-479,rejected,True
batch:batch-479,waited_in_queue,False
batch:batch-479,status,rejected
batch:batch-480,batch_id,batch-480
batch:batch-480,cycle_time,7.0
batch:batch-480,queue_wait_time,1.0
batch:batch-480,processing_time,4.0
batch:batch-480,stages_count,3
batch:batch-480,completed,False
batch:batch-480,rejected,True
batch:batch-480,waited_in_queue,True
batch:batch-480,status,rejected
batch:batch-481,batch_id,batch-481
batch:batch-481,cycle_time,70.0
batch:batch-481,queue_wait_time,1.0
batch:batch-481,processing_time,16.0
batch:batch-481,stages_count,3
batch:batch-481,completed,True
batch:batch-481,rejected,False
batch:batch-481,waited_in_queue,True
batch:batch-481,status,completed
batch:batch-482,batch_id,batch-482
batch:batch-482,cycle_time,8.0
batch:batch-482,queue_wait_time,0.0
batch:batch-482,processing_time,4.0
batch:batch-482,stages_count,3
batch:batch-482,completed,False
batch:batch-482,rejected,True
batch:batch-482,waited_in_queue,False
batch:batch-482,status,rejected
batch:batch-483,batch_id,batch-483
batch:batch-483,cycle_time,9.0
batch:batch-483,queue_wait_time,1.0
batch:batch-483,processing_time,4.0
batch:batch-483,stages_count,3
batch:batch-483,completed,False
batch:batch-483,rejected,True
batch:batch-483,waited_in_queue,True
batch:batch-483,status,rejected
batch:batch-484,batch_id,batch-484
batch:batch-484,cycle_time,72.0
batch:batch-484,queue_wait_time,1.0
batch:batch-484,processing_time,16.0
batch:batch-484,stages_count,3
batch:batch-484,completed,True
batch:batch-484,rejected,False
batch:batch-484,waited_in_queue,True
batch:batch-484,status,completed
batch:batch-485,batch_id,batch-485
batch:batch-485,cycle_time,6.0
batch:batch-485,queue_wait_time,1.0
batch:batch-485,processing_time,4.0
batch:batch-485,stages_count,3
batch:batch-485,completed,False
batch:batch-485,rejected,True
batch:batch-485,waited_in_queue,True
batch:batch-485,status,rejected
batch:batch-486,batch_id,batch-486
batch:batch-486,cycle_time,76.0
batch:batch-486,queue_wait_time,0.0
batch:batch-486,processing_time,16.0
batch:batch-486,stages_count,3
batch:batch-486,completed,True
batch:batch-486,rejected,False
batch:batch-486,waited_in_queue,True
batch:batch-486,status,completed
batch:batch-487,batch_id,batch-487
batch:batch-487,cycle_time,7.0
batch:batch-487,queue_wait_time,1.0
batch:batch-487,processing_time,4.0
batch:batch-487,stages_count,3
batch:batch-487,completed,False
batch:batch-487,rejected,True
batch:batch-487,waited_in_queue,True
batch:batch-487,status,rejected
batch:batch-488,batch_id,batch-488
batch:batch-488,cycle_time,6.0
batch:batch-488,queue_wait_time,1.0
batch:batch-488,processing_time,4.0
batch:batch-488,stages_count,3
batch:batch-488,completed,False
batch:batch-488,rejected,True
batch:batch-488,waited_in_queue,True
batch:batch-488,status,rejected
batch:batch-489,batch_id,batch-489
batch:batch-489,cycle_time,79.0
batch:batch-489,queue_wait_time,0.0
batch:batch-489,processing_time,16.0
batch:batch-489,stages_count,3
batch:batch-489,completed,True
batch:batch-489,rejected,False
batch:batch-489,waited_in_queue,True
batch:batch-489,status,completed
batch:batch-490,batch_id,batch-490
batch:batch-490,cycle_time,15.0
batch:batch-490,queue_wait_time,9.0
batch:batch-490,processing_time,4.0
batch:batch-490,stages_count,3
batch:batch-490,completed,False
batch:batch-490,rejected,True
batch:batch-490,waited_in_queue,True
batch:batch-490,status,rejected
batch:batch-491,batch_id,batch-491
batch:batch-491,cycle_time,14.0
batch:batch-491,queue_wait_time,9.0
batch:batch-491,processing_time,4.0
batch:batch-491,stages_count,3
batch:batch-491,completed,False
batch:batch-491,rejected,True
batch:batch-491,waited_in_queue,True
batch:batch-491,status,rejected
batch:batch-492,batch_id,batch-492
batch:batch-492,cycle_time,83.0
batch:batch-492,queue_wait_time,5.0
batch:batch-492,processing_time,16.0
batch:batch-492,stages_count,3
batch:batch-492,completed,True
batch:batch-492,rejected,False
batch:batch-492,waited_in_queue,True
batch:batch-492,status,completed
batch:batch-493,batch_id,batch-493
batch:batch-493,cycle_time,10.0
batch:batch-493,queue_wait_time,6.0
batch:batch-493,processing_time,4.0
batch:batch-493,stages_count,3
batch:batch-493,completed,False
batch:batch-493,rejected,True
batch:batch-493,waited_in_queue,True
batch:batch-493,status,rejected
batch:batch-494,batch_id,batch-494
batch:batch-494,cycle_time,12.0
batch:batch-494,queue_wait_time,4.0
batch:batch-494,processing_time,4.0
batch:batch-494,stages_count,3
batch:batch-494,completed,False
batch:batch-494,rejected,True
batch:batch-494,waited_in_queue,True
batch:batch-494,status,rejected
batch:batch-495,batch_id,batch-495
batch:batch-495,cycle_time,13.0
batch:batch-495,queue_wait_time,6.0
batch:batch-495,processing_time,4.0
batch:batch-495,stages_count,3
batch:batch-495,completed,False
batch:batch-495,rejected,True
batch:batch-495,waited_in_queue,True
batch:batch-495,status,rejected
batch:batch-496,batch_id,batch-496
batch:batch-496,cycle_time,79.0
batch:batch-496,queue_wait_time,7.0
batch:batch-496,processing_time,16.0
batch:batch-496,stages_count,3
batch:batch-496,completed,True
batch:batch-496,rejected,False
batch:batch-496,waited_in_queue,True
batch:batch-496,status,completed
batch:batch-497,batch_id,batch-497
batch:batch-497,cycle_time,10.0
batch:batch-497,queue_wait_time,4.0
batch:batch-497,processing_time,4.0
batch:batch-497,stages_count,3
batch:batch-497,completed,False
batch:batch-497,rejected,True
batch:batch-497,waited_in_queue,True
batch:batch-497,status,rejected
batch:batch-498,batch_id,batch-498
batch:batch-498,cycle_time,14.0
batch:batch-498,queue_wait_time,4.0
batch:batch-498,processing_time,4.0
batch:batch-498,stages_count,3
batch:batch-498,completed,False
batch:batch-498,rejected,True
batch:batch-498,waited_in_queue,True
batch:batch-498,status,rejected
batch:batch-499,batch_id,batch-499
batch:batch-499,cycle_time,82.0
batch:batch-499,queue_wait_time,8.0
batch:batch-499,processing_time,16.0
batch:batch-499,stages_count,3
batch:batch-499,completed,True
batch:batch-499,rejected,False
batch:batch-499,waited_in_queue,True
batch:batch-499,status,completed
batch:batch-500,batch_id,batch-500
batch:batch-500,cycle_time,10.0
batch:batch-500,queue_wait_time,6.0
batch:batch-500,processing_time,4.0
batch:batch-500,stages_count,3
batch:batch-500,completed,False
batch:batch-500,rejected,True
batch:batch-500,waited_in_queue,True
batch:batch-500,status,rejected
